"schema_version","artifact_set_id","input_ordinal","source","relative_path","size_bytes","sha256_uppercase"
"1","HI3-STAGE-HELPERS-MIXED-20260615-V1","0","devilpromt","ExcelOutputAsset/ARKPlusMonsterInfo.json","694","0579FD361C0753A0DD1BBD77B6C2901568BC6E32482C92726B77DCED14FF9995"
"1","HI3-STAGE-HELPERS-MIXED-20260615-V1","1","devilpromt","ExcelOutputAsset/ARKPlusStage.json","2030","3CFF837254B733455A72FFB05E8D9C422082C7A2131001512E422BFC216BCBD6"
"1","HI3-STAGE-HELPERS-MIXED-20260615-V1","2","devilpromt","ExcelOutputAsset/ActivityChargeLevel.json","16644","BEC99A9ABE53808299C22AA3C5266AB604D92301D57B42CFF121565BF97CEFE3"
"1","HI3-STAGE-HELPERS-MIXED-20260615-V1","3","devilpromt","ExcelOutputAsset/ActivityStageRank.json","7403","5BB1910C59EEAEB258663A138AB717AF38821235201E09607E8EF09AA959DCEA"
"1","HI3-STAGE-HELPERS-MIXED-20260615-V1","4","devilpromt","ExcelOutputAsset/AdventureAvatarSkillLevel.json","7409","B001EE2381192644B46FC9B31EA4306CF0CD935FC222C617BF300692D8617F83"
"1","HI3-STAGE-HELPERS-MIXED-20260615-V1","5","devilpromt","ExcelOutputAsset/AiCyberDailyStageDropLimit.json","1088","291E3FED73EF327424896F5D425F7D63031E338535AA25510B91777B332188BF"
"1","HI3-STAGE-HELPERS-MIXED-20260615-V1","6","devilpromt","ExcelOutputAsset/AiCyberDailyStageScoreDrop.json","6002","94A306361030B60F81AA885D1FF3C5CA93553D41DD46DB324FB3B1B9758DF707"
"1","HI3-STAGE-HELPERS-MIXED-20260615-V1","7","devilpromt","ExcelOutputAsset/AiCyberStageData.json","3397","B9ABFFD49EF36DF49967637CCFB2F3BBA517AEF0D7F0F9561C100673A8928F97"
"1","HI3-STAGE-HELPERS-MIXED-20260615-V1","8","devilpromt","ExcelOutputAsset/AiCyberStageGroup.json","833","50AE445795E37300E72AB066284C4E3DE9FB6C010C89BAA12224CEA572C46B14"
"1","HI3-STAGE-HELPERS-MIXED-20260615-V1","9","devilpromt","ExcelOutputAsset/AnyPreStageUnlockConfig.json","37","FDEE6BCF644A05F4CB9BF6F0E0AB02F498CE463DD920CCB8EA7A7C9AE5A57F6B"
"1","HI3-STAGE-HELPERS-MIXED-20260615-V1","10","devilpromt","ExcelOutputAsset/ArmadaReunionLevel.json","11430","61B6AB0F19BF5BE824C10CADC14DCA0D2491FA2A2A8E1C4834766A8503F65882"
"1","HI3-STAGE-HELPERS-MIXED-20260615-V1","11","devilpromt","ExcelOutputAsset/AstraMate_LevelData.json","4513","4C0C180A93C04D7DF1A071757EF74CBD935978FD7D5A1F4DA93BAFDD52F32265"
"1","HI3-STAGE-HELPERS-MIXED-20260615-V1","12","devilpromt","ExcelOutputAsset/AvatarArtifactLevel.json","9263","641681516A12A7818D05812639B90DE554DFBC60A7AA3E3258A8143395C18089"
"1","HI3-STAGE-HELPERS-MIXED-20260615-V1","13","devilpromt","ExcelOutputAsset/AvatarLevelData.json","11416","343ACB83E79E91A674A4B14777CB244FD35510EE9EF9911ED6763443672A0111"
"1","HI3-STAGE-HELPERS-MIXED-20260615-V1","14","devilpromt","ExcelOutputAsset/AvatarLevelGroup.json","77","0AFCE42EE6A0803DC74887810721A99D42F2835BE150A2F9560D5B67B8FE32ED"
"1","HI3-STAGE-HELPERS-MIXED-20260615-V1","15","devilpromt","ExcelOutputAsset/AvatarSubSkillLevelDataV2.json","20735","7518D7BEA71EB3EE384EC7AC18D24E694356EF009E1168460A0BCD9EE0799ECD"
"1","HI3-STAGE-HELPERS-MIXED-20260615-V1","16","devilpromt","ExcelOutputAsset/BWCampStage.json","2","4F53CDA18C2BAA0C0354BB5F9A3ECBE5ED12AB4D8E11BA873C2F11161202B945"
"1","HI3-STAGE-HELPERS-MIXED-20260615-V1","17","devilpromt","ExcelOutputAsset/BattlePassSeasonLevelConfig.json","965291","BD4F99CDC683A9578E3AD6DFE240DA7CDFA05E51CAFB35627D270960209BAA10"
"1","HI3-STAGE-HELPERS-MIXED-20260615-V1","18","devilpromt","ExcelOutputAsset/BbqLevel.json","319","51AF4F9919AC46C0AEF8F6FC8502A0B0BAEE0B0A79FB8104B149947B24BE1B38"
"1","HI3-STAGE-HELPERS-MIXED-20260615-V1","19","devilpromt","ExcelOutputAsset/BeastStage.json","923","6E09EB3033B79B28D1D851A18ACF803556220C51EF6D07BD86489A62EE6E3B01"
"1","HI3-STAGE-HELPERS-MIXED-20260615-V1","20","devilpromt","ExcelOutputAsset/BeastStageDisplay.json","13988","2C9CF6B67C2CDBAEC315DF63C4048B7DBA9D7B377FC46536447856CD04D082BF"
"1","HI3-STAGE-HELPERS-MIXED-20260615-V1","21","devilpromt","ExcelOutputAsset/BossChallengeStage.json","2373","F69BF870CAB97445E14B99097953CC6CC8EFBE4073F97DC7237C07E0CA6807B4"
"1","HI3-STAGE-HELPERS-MIXED-20260615-V1","22","devilpromt","ExcelOutputAsset/BossRushStageSchedule.json","1302","F7230A38D4DC84F7BA5F6D02BD45BEC8510824880169908AA0DDE70ACFAD91F3"
"1","HI3-STAGE-HELPERS-MIXED-20260615-V1","23","devilpromt","ExcelOutputAsset/BuffAssistLevel.json","446","0E6F8A6717C5E6C3E2725123A49BE2FCA5FCAE290FCA6B1A010E0A76FBEA8A31"
"1","HI3-STAGE-HELPERS-MIXED-20260615-V1","24","devilpromt","ExcelOutputAsset/BuffAssistStageGroupData.json","4209","5FBE5AD93A7D14AB64E6D1A21D086BFF59362C5DF814C9B12D37055AF448F938"
"1","HI3-STAGE-HELPERS-MIXED-20260615-V1","25","devilpromt","ExcelOutputAsset/ChapterARKAvatarLevel.json","23822","FD281D44AC898E3698228D946BDE3042B69D8A4ED8BBC87A82BF37228C97DAC9"
"1","HI3-STAGE-HELPERS-MIXED-20260615-V1","26","devilpromt","ExcelOutputAsset/ChapterARKAvatarSkillLevel.json","96664","79F38D5027E1A77BEE0DD0004726DC1EBBC4039E7B8DCF3EF7E14BEEF34D877A"
"1","HI3-STAGE-HELPERS-MIXED-20260615-V1","27","devilpromt","ExcelOutputAsset/ChapterARKDailyStagePool.json","396","3E41B33FA3F586D17B7E6A3CD2E8A7FF97DC7FFF5C34F1953079600BF3647B67"
"1","HI3-STAGE-HELPERS-MIXED-20260615-V1","28","devilpromt","ExcelOutputAsset/ChapterARKMonster.json","28723","366A1611DB0B529658231302AA806C1BF20B7803340DBD63BC0F18BA180557B0"
"1","HI3-STAGE-HELPERS-MIXED-20260615-V1","29","devilpromt","ExcelOutputAsset/ChapterARKRoleLevel.json","12947","2F30A2D98DCDFE4FE097D970DF53190CFE587AFFBA8FE6E548607E91554EEAB7"
"1","HI3-STAGE-HELPERS-MIXED-20260615-V1","30","devilpromt","ExcelOutputAsset/ChapterARKStage.json","65799","2FE0A97B4EB7383E3B64E5E26BADBE2E61038E81999AF7F32DFB9327F1726CF4"
"1","HI3-STAGE-HELPERS-MIXED-20260615-V1","31","devilpromt","ExcelOutputAsset/ChapterARKStageWave.json","2","4F53CDA18C2BAA0C0354BB5F9A3ECBE5ED12AB4D8E11BA873C2F11161202B945"
"1","HI3-STAGE-HELPERS-MIXED-20260615-V1","32","devilpromt","ExcelOutputAsset/ChapterARKSupChallengeStage.json","2184","6598BCF4316F4B2D2ED804C147C012853C14686810318C4B2D1F076562F4375D"
"1","HI3-STAGE-HELPERS-MIXED-20260615-V1","33","devilpromt","ExcelOutputAsset/ChapterARKSupSkillLevel.json","29544","DCB09617F6CE14045002B3E34E7D9D059207FBF888877028DB45A541960A078B"
"1","HI3-STAGE-HELPERS-MIXED-20260615-V1","34","devilpromt","ExcelOutputAsset/ChapterActivityStage.json","56176","E5989E5D38AF6ED8639134148DA5E560032B794B6B089847312B1DDFFA88DFD6"
"1","HI3-STAGE-HELPERS-MIXED-20260615-V1","35","devilpromt","ExcelOutputAsset/ChapterBWNoticeStage.json","2857","176401EB192E4DFF570487554E52E7B0A88E60202F7EAC497AD907C173AB4053"
"1","HI3-STAGE-HELPERS-MIXED-20260615-V1","36","devilpromt","ExcelOutputAsset/ChapterBWWorldRuneLevel.json","113084","F7FE104D42DB4F005D40B76CD106D6D0437AB23A443DB048F7B56007FAB715FD"
"1","HI3-STAGE-HELPERS-MIXED-20260615-V1","37","devilpromt","ExcelOutputAsset/ChapterBWWorldStage.json","48985","36C0E140E7CA0ECFB61302FFC6D3B6189EF63FA6F34A77646E6706539C79955C"
"1","HI3-STAGE-HELPERS-MIXED-20260615-V1","38","devilpromt","ExcelOutputAsset/ChapterBWWorldStageWave.json","34770","6323EE48FA0F1F2FF58767EE62829BF17118CAFF2EE337D7D91991B8AEC55D70"
"1","HI3-STAGE-HELPERS-MIXED-20260615-V1","39","devilpromt","ExcelOutputAsset/ChapterBWWorldTowerStage.json","3286","840A3B295562ACC3F0DC387DFB8DBD3850F96FF31BBCC69CEDA41CEC4E88BA95"
"1","HI3-STAGE-HELPERS-MIXED-20260615-V1","40","devilpromt","ExcelOutputAsset/ChapterCultivateLevelData.json","20821","72D9AF4EF4181934811B4C5C8119115A167E89DE60667E8C831EAA5EF4BB1088"
"1","HI3-STAGE-HELPERS-MIXED-20260615-V1","41","devilpromt","ExcelOutputAsset/ChapterCultivateMonster.json","695","51E5236726D80ADDC96EE5722C435075B241EF76A33D749F57B94DAF7167A4B5"
"1","HI3-STAGE-HELPERS-MIXED-20260615-V1","42","devilpromt","ExcelOutputAsset/ChapterOWAntiGravityLevel.json","6775","547C5D7792B08AD0F0B026CE301CF31B462BA9FE4103B533946F611734CDAEE2"
"1","HI3-STAGE-HELPERS-MIXED-20260615-V1","43","devilpromt","ExcelOutputAsset/ChapterOWBuildingLevel.json","52866","9EFF38F506C79ADC5C53E040C2B2AC9730C730FA285630B64EE094F1CBC99A4D"
"1","HI3-STAGE-HELPERS-MIXED-20260615-V1","44","devilpromt","ExcelOutputAsset/ChapterOWDailyStage.json","6203","02EA21CF9E48F7AD5CAD9BBA31F96918B02E0700F8AAFF7CF499E4822BA1F504"
"1","HI3-STAGE-HELPERS-MIXED-20260615-V1","45","devilpromt","ExcelOutputAsset/ChapterOWFurnaceLevel.json","3524","01E0570A35AFEAB250430775390D52220697AD8868132261D280FC2DE1664358"
"1","HI3-STAGE-HELPERS-MIXED-20260615-V1","46","devilpromt","ExcelOutputAsset/ChapterOWHeroCardLevel.json","98135","A468B7CD24B395DE01235AD65A2480FEC84E15CD0FA20E5D2929EC261B2A0F89"
"1","HI3-STAGE-HELPERS-MIXED-20260615-V1","47","devilpromt","ExcelOutputAsset/ChapterOWHeroLevel.json","37921","A64520DDAE5C93179E5E537CDD29F061F991A500F1DE012EC8D2AC265A489279"
"1","HI3-STAGE-HELPERS-MIXED-20260615-V1","48","devilpromt","ExcelOutputAsset/ChapterOWLevelSite.json","2","4F53CDA18C2BAA0C0354BB5F9A3ECBE5ED12AB4D8E11BA873C2F11161202B945"
"1","HI3-STAGE-HELPERS-MIXED-20260615-V1","49","devilpromt","ExcelOutputAsset/ChapterOWQuestLevel.json","2162","C34A04D8980401A80881B3397454300E2D905B593A874BF4E882335C9A987F2A"
"1","HI3-STAGE-HELPERS-MIXED-20260615-V1","50","devilpromt","ExcelOutputAsset/ChapterOWRandomStage.json","2","4F53CDA18C2BAA0C0354BB5F9A3ECBE5ED12AB4D8E11BA873C2F11161202B945"
"1","HI3-STAGE-HELPERS-MIXED-20260615-V1","51","devilpromt","ExcelOutputAsset/ChapterOWTalentBuffLevel.json","19499","D0B6F3E8587C214D4A8A5E0EF32171E9734AC3260119674FFF7006EE77BFBC73"
"1","HI3-STAGE-HELPERS-MIXED-20260615-V1","52","devilpromt","ExcelOutputAsset/ChapterOWTalentLevel.json","76005","4C602753C6C13039D6AFB6116E1F8C6BE1A3B8C6FD6C468090ECFC51993CC6AF"
"1","HI3-STAGE-HELPERS-MIXED-20260615-V1","53","devilpromt","ExcelOutputAsset/ChapterOWTerminalLevel.json","10116","3920A8504B5987F98B06C28E635CC448D3502BCAF847B773329895F75527F5B7"
"1","HI3-STAGE-HELPERS-MIXED-20260615-V1","54","devilpromt","ExcelOutputAsset/ChapterRpgBuffLevel.json","2634","313ABEEDC320AAEBEA1C9668D279A1D3804DBFC815F096A1F482BBD6A64C9791"
"1","HI3-STAGE-HELPERS-MIXED-20260615-V1","55","devilpromt","ExcelOutputAsset/ChapterStageCompensation.json","9534","F93C7F2ACC663730576C56B9A9A68A36C7FC86ECAA4969B048C042B9A894FAEC"
"1","HI3-STAGE-HELPERS-MIXED-20260615-V1","56","devilpromt","ExcelOutputAsset/CollectionMonsterData.json","39740","F2D972D9F0176E3A81AB6269F88CA7DA5E647F7C597AA26D34A1195880E8CA6A"
"1","HI3-STAGE-HELPERS-MIXED-20260615-V1","57","devilpromt","ExcelOutputAsset/CollectionMonsterDetailInfo.json","15719","7735D89E37A3CAEEB43CA91FECF9679D934AE114D1BA0A17E9666DB75DB73EE3"
"1","HI3-STAGE-HELPERS-MIXED-20260615-V1","58","devilpromt","ExcelOutputAsset/CrisisModeStageConfig.json","569","370A566EEEFF93D0072568E5D025076E2393FCD0566E72BE0E57B82D0A75818B"
"1","HI3-STAGE-HELPERS-MIXED-20260615-V1","59","devilpromt","ExcelOutputAsset/CrisisModeStageGroupConfig.json","254","24152D1E6DA9D221AB14CC195800AB0F16AFC7504C7326313BA6C78DB81A2D9D"
"1","HI3-STAGE-HELPERS-MIXED-20260615-V1","60","devilpromt","ExcelOutputAsset/DLCLevelData.json","12619","409082EDCC27C9C1BAC6FC2B2E0FAB9CC8EEACD564A0A77D708CE611F976A9B7"
"1","HI3-STAGE-HELPERS-MIXED-20260615-V1","61","devilpromt","ExcelOutputAsset/DLCLevelDiff.json","329","7950B3C9350B1107D62D89B833D11466CE07C83326E4985CE792DCFCBFB750D2"
"1","HI3-STAGE-HELPERS-MIXED-20260615-V1","62","devilpromt","ExcelOutputAsset/DLCRecommendLevel.json","1772","D6FDADABDEDDED60F8ACFF64800E3B84492F0ABCD439B9B905768F0DE84415FC"
"1","HI3-STAGE-HELPERS-MIXED-20260615-V1","63","devilpromt","ExcelOutputAsset/DLCSupportLevelData.json","351","B11374678E5CB931DD66A9AD9031C4B272C5210D3897DD5D9EF0F72B5FCF2251"
"1","HI3-STAGE-HELPERS-MIXED-20260615-V1","64","devilpromt","ExcelOutputAsset/DLCTalentLevelData.json","167128","6D52277C5161C32C434C1CD5B7EC9E074E211ACEC3FCD6258A7D474961E4BD8A"
"1","HI3-STAGE-HELPERS-MIXED-20260615-V1","65","devilpromt","ExcelOutputAsset/DLCTowerMonster.json","1350","CE29E059E673800DF7CA9584AF9C50A96E85EF2CDE5B360893AAD334B7BDF145"
"1","HI3-STAGE-HELPERS-MIXED-20260615-V1","66","devilpromt","ExcelOutputAsset/DevilAutoChessMonster.json","19080","703BF83EE19463FA35B32C24FFD4098E9025895D61BBC3F54EADC1896AC0E41D"
"1","HI3-STAGE-HELPERS-MIXED-20260615-V1","67","devilpromt","ExcelOutputAsset/DevilAutoChessRoleLevel.json","88399","2FBA3A9CB2304CB870E27FB88B93BB1FF2E093DB579525F7A3BE6558E2C43152"
"1","HI3-STAGE-HELPERS-MIXED-20260615-V1","68","devilpromt","ExcelOutputAsset/DiceyDungeonMonster.json","244449","0E08B0729DEECC5C590D96438E6B82322FBE3C3CBD9711E98080A4F0BE489D35"
"1","HI3-STAGE-HELPERS-MIXED-20260615-V1","69","devilpromt","ExcelOutputAsset/DiceyDungeonMonsterBehavior.json","27492","F029AB20942011A0D83D100D8276F08DEF506EDE21E69462ABCBD1C128DC2D87"
"1","HI3-STAGE-HELPERS-MIXED-20260615-V1","70","devilpromt","ExcelOutputAsset/EditorMarsStage.json","147763","6EE4775E3F2CB30915487BEC9BA5BB8484651F97609D42F2E2445FEAEC76B8F2"
"1","HI3-STAGE-HELPERS-MIXED-20260615-V1","71","devilpromt","ExcelOutputAsset/EditorMonsterActivityList.json","152517","CAC524164448EB348636C06046B044D778B8FE82F360945BBA015E8F6FF58373"
"1","HI3-STAGE-HELPERS-MIXED-20260615-V1","72","devilpromt","ExcelOutputAsset/EditorMonsterCard.json","48892","C4887E7843BFEFE2BCA2DE480AE4A5D88D339EE194535155AC8CE4E24BD69DB0"
"1","HI3-STAGE-HELPERS-MIXED-20260615-V1","73","devilpromt","ExcelOutputAsset/EditorMonsterCardActor.json","83246","8C94A98831AAA9F80EC5F28520281AE2734DAC2B6185A67E1B89447E0C1F4C52"
"1","HI3-STAGE-HELPERS-MIXED-20260615-V1","74","devilpromt","ExcelOutputAsset/EditorMonsterCardSkill.json","284145","AC84F119C6E0A809EB24CD4B85BFFCA1F32C448DD76F12D016D534392C659585"
"1","HI3-STAGE-HELPERS-MIXED-20260615-V1","75","devilpromt","ExcelOutputAsset/EditorMonsterCardStage.json","224275","7F0D099C1D2A9B4FEFA33EE8F9020AE70973CB37BA01618A04B72B9FD5951078"
"1","HI3-STAGE-HELPERS-MIXED-20260615-V1","76","devilpromt","ExcelOutputAsset/EditorMonsterCardTeam.json","4338","655C69E9A2ED8A3736E2F3D0169D1BCA0211AB546327FDB1EFD7A2C212AD1A4D"
"1","HI3-STAGE-HELPERS-MIXED-20260615-V1","77","devilpromt","ExcelOutputAsset/EditorMonsterPrototype.json","790499","694C83D2A0958D2A6E4E5D36DF1ADDAAC6E05FC6EE851FD93247CF6D854B1E0C"
"1","HI3-STAGE-HELPERS-MIXED-20260615-V1","78","devilpromt","ExcelOutputAsset/EditorUniqueMonsterData.json","39683666","21B99359DB6602360FF8839F67CECB31B972EF8C7E4A1FEA1AED92882C7A2AB5"
"1","HI3-STAGE-HELPERS-MIXED-20260615-V1","79","devilpromt","ExcelOutputAsset/ElfLevelData.json","4513","445DE5102AE2043A2C7F915373B46B3DB0B8EE9BD2F8CD0B3995853C7CEB8B2F"
"1","HI3-STAGE-HELPERS-MIXED-20260615-V1","80","devilpromt","ExcelOutputAsset/ElfTalentLevelData.json","26558","96AC56AB590875BA8BF6758A7BFD718DB27284D442EA56977B3DF47B8C071407"
"1","HI3-STAGE-HELPERS-MIXED-20260615-V1","81","devilpromt","ExcelOutputAsset/EliteStage.json","23323","898B760E2CD3BB1E1C1621334F74D4DA0DF97559F742D4CBCAF27382C97DD7D1"
"1","HI3-STAGE-HELPERS-MIXED-20260615-V1","82","devilpromt","ExcelOutputAsset/EliteStageCompensation.json","35601","8EA6F900A27427D5BCF9460289126A58B4A8DFAEED77B656618F93B972DFBAD9"
"1","HI3-STAGE-HELPERS-MIXED-20260615-V1","83","devilpromt","ExcelOutputAsset/EquipmentLevelData.json","27365","BE01A98F326A160CDC94F31D851CCBF04C438F3567CA55D355C1AC3EC4DE334C"
"1","HI3-STAGE-HELPERS-MIXED-20260615-V1","84","devilpromt","ExcelOutputAsset/ExBossLevelData.json","1618","5B5E94FF8B5FA8349DF16521214C34F62846ED86D7940E25D4E98604C28DFEA3"
"1","HI3-STAGE-HELPERS-MIXED-20260615-V1","85","devilpromt","ExcelOutputAsset/ExBossMonsterData.json","1842392","8A59BD1E4553B45DF55A7BD71945FD1C80F8C83C790E0FDC737EE63C2F25489A"
"1","HI3-STAGE-HELPERS-MIXED-20260615-V1","86","devilpromt","ExcelOutputAsset/ExBossMonsterLevelConfig.json","4752","9CE3D3EA5F3811713F28F10321A71F63D0CC4B8C2AE53629E1DDA2E883C7D234"
"1","HI3-STAGE-HELPERS-MIXED-20260615-V1","87","devilpromt","ExcelOutputAsset/ExBossMonsterSchedule.json","748654","60918B8E6D61971CEF7865B238E3C06539B03713365A11DB290B29EE9376834F"
"1","HI3-STAGE-HELPERS-MIXED-20260615-V1","88","devilpromt","ExcelOutputAsset/ExBossMonsterScoreReward.json","1592","689FCD48019D85A777269DFA7EDD4706730FDA0702AE26574D8C0092B5069F10"
"1","HI3-STAGE-HELPERS-MIXED-20260615-V1","89","devilpromt","ExcelOutputAsset/ExBossMonsterWeather.json","205","BBAC9EEB39C7B4DF607CE2C62E5418816BA7D82D6D7BDA7D27BE90C2EBBB30F2"
"1","HI3-STAGE-HELPERS-MIXED-20260615-V1","90","devilpromt","ExcelOutputAsset/FarmLevel.json","789","E11F7C9B3D9AC5DEF79373F82E5D8A880AD9B6FCD75AA7EBDD87AB7B3B709374"
"1","HI3-STAGE-HELPERS-MIXED-20260615-V1","91","devilpromt","ExcelOutputAsset/FastPassLevel.json","10330","E9A63C3D970DD7598AEBB7BED4A6001BC2A033BB99AA94E7534DFEA5935F2F8A"
"1","HI3-STAGE-HELPERS-MIXED-20260615-V1","92","devilpromt","ExcelOutputAsset/FrontEndlessStage.json","66","6C085DE5CA9605549789568887A4F02C832EAB19334361CA983A50E1BFD17701"
"1","HI3-STAGE-HELPERS-MIXED-20260615-V1","93","devilpromt","ExcelOutputAsset/FutariBattleStage.json","10363","9644D325946028B6D1E8144C17415267B12FFA6B53174C40FA40720F6E0CC9D0"
"1","HI3-STAGE-HELPERS-MIXED-20260615-V1","94","devilpromt","ExcelOutputAsset/FutariBattleStageGroup.json","12553","FC2DB18BE4984E44557F1E33C1BD80C1CB1B0B99E5974727ACFB33250D6D91CC"
"1","HI3-STAGE-HELPERS-MIXED-20260615-V1","95","devilpromt","ExcelOutputAsset/GeneralActivityStage.json","93149","CB5573A819CB1A79D0086C69133CADFAF64A885ADF1A6B15ACA60DA0CD7B4A04"
"1","HI3-STAGE-HELPERS-MIXED-20260615-V1","96","devilpromt","ExcelOutputAsset/GeneralActivityStageGroup.json","227847","794A576ADD7577032E537223B131EBFCE420257D743287481235C10F96C14D91"
"1","HI3-STAGE-HELPERS-MIXED-20260615-V1","97","devilpromt","ExcelOutputAsset/GeneralActivityStageHomu.json","596","1BF5AA7D4BE56C0E05F55C1181AF52C6EBA372A88D0DCFC4D1E14BEDF6E1A3D7"
"1","HI3-STAGE-HELPERS-MIXED-20260615-V1","98","devilpromt","ExcelOutputAsset/GeneralActivityStageReward.json","2","4F53CDA18C2BAA0C0354BB5F9A3ECBE5ED12AB4D8E11BA873C2F11161202B945"
"1","HI3-STAGE-HELPERS-MIXED-20260615-V1","99","devilpromt","ExcelOutputAsset/GlobalArmadaReunionLevel.json","5774","A28DCF63D566F3D102EA1A4A3B49F2907A7D14CA932015544560A2525C468A5E"
"1","HI3-STAGE-HELPERS-MIXED-20260615-V1","100","devilpromt","ExcelOutputAsset/GlobalExploreLevel.json","2640","EAA1B8CAB4BF5704DFE8AA0FA98D5333ACC2A68CD4404BCF45EFC8EF773233AD"
"1","HI3-STAGE-HELPERS-MIXED-20260615-V1","101","devilpromt","ExcelOutputAsset/GlobalExploreStage.json","31909","B6104C236F442D19B0C71286DF2B9EC1EE394B7B4464CA62A3CD56B29F195BAE"
"1","HI3-STAGE-HELPERS-MIXED-20260615-V1","102","devilpromt","ExcelOutputAsset/GlobalExploreStageScore.json","180","86425BB780B398F44486DE0ABB50655E50D9BB1B83F40A1594D55F105F37CB85"
"1","HI3-STAGE-HELPERS-MIXED-20260615-V1","103","devilpromt","ExcelOutputAsset/GlobalWarStage.json","23150","703412E40F196F3CA9E473509138DB98D8D8A041806128866206252B43D57328"
"1","HI3-STAGE-HELPERS-MIXED-20260615-V1","104","devilpromt","ExcelOutputAsset/GoBackTrainningLevel.json","410","65ED87ADC046E2E1F009AF2F5C02DDDF07BC73E3EA5681EF00D72350FF7110EB"
"1","HI3-STAGE-HELPERS-MIXED-20260615-V1","105","devilpromt","ExcelOutputAsset/GodWarAvatarLevelData.json","1137","A8148282408F580A33F9C93209C3586A620D41B17BC825A36CE34AD60725666E"
"1","HI3-STAGE-HELPERS-MIXED-20260615-V1","106","devilpromt","ExcelOutputAsset/GodWarChallengeLevel.json","2067976","B7B900839EEF0F589A20C741F9B17C48FC58AA89C2635B0FDAB978774EDCA2F0"
"1","HI3-STAGE-HELPERS-MIXED-20260615-V1","107","devilpromt","ExcelOutputAsset/GodWarEventStage.json","82907","BB01BD1C351A5BA5E13B300BDFD55F7B8E76ECA6C1E3A807245E919AE327B366"
"1","HI3-STAGE-HELPERS-MIXED-20260615-V1","108","devilpromt","ExcelOutputAsset/GodWarHardLevel.json","40009","534DDEA6145C16BA9DAF260D4DD629A9C9527BF8E2AFCB6AB1233880FC1CFBF4"
"1","HI3-STAGE-HELPERS-MIXED-20260615-V1","109","devilpromt","ExcelOutputAsset/GodWarHardLevelSchedule.json","158651","6D9411B8B3B785EA3E3649229DE40286BFDBF4D35EBA29A4E5FC1BEE0D2851AD"
"1","HI3-STAGE-HELPERS-MIXED-20260615-V1","110","devilpromt","ExcelOutputAsset/GodWarPlotStage.json","178","20847F4860EB8E65FAAE3B07B93BAC788865F6F82735CEE57F971750B4764B7E"
"1","HI3-STAGE-HELPERS-MIXED-20260615-V1","111","devilpromt","ExcelOutputAsset/GodWarStageHint.json","1110","5A14DAA1D770115D79653F26656222B83CA2FB5BEA0653104D2ADA2FA1AEFAB8"
"1","HI3-STAGE-HELPERS-MIXED-20260615-V1","112","devilpromt","ExcelOutputAsset/GodWarStageSkill.json","18112","15DB48C76D7F6E7A055626FBBDB04AAFDFA79FF5576134E80C1CD5633499C65D"
"1","HI3-STAGE-HELPERS-MIXED-20260615-V1","113","devilpromt","ExcelOutputAsset/GodWarSupportLevel.json","2065","AF4E942B665E7836C3824426D644310E11BEC7367536552ECCF63B86BFB25CA1"
"1","HI3-STAGE-HELPERS-MIXED-20260615-V1","114","devilpromt","ExcelOutputAsset/GodWarTalentLevelData.json","31889","4D49761386D4D91B6DC145BA01EBDB38393CACA1601E5CD610B3F890D73253D8"
"1","HI3-STAGE-HELPERS-MIXED-20260615-V1","115","devilpromt","ExcelOutputAsset/GourmetHuntLevel.json","8731","402298DC26C77AC254D8A9D841F3F47DC43AA5AFD470D8604ABE375E4342D7A2"
"1","HI3-STAGE-HELPERS-MIXED-20260615-V1","116","devilpromt","ExcelOutputAsset/GourmetHuntMonster.json","13111","5FC70AC3041F202E6FA5F717AC768BEAC0497E712CD63957065F902B87657981"
"1","HI3-STAGE-HELPERS-MIXED-20260615-V1","117","devilpromt","ExcelOutputAsset/GrandKeyLevel.json","12664","6C1C0C916316AC97FF98A0B8790D80CB0DECB12C678C1D7D245C4E0AAAF811E8"
"1","HI3-STAGE-HELPERS-MIXED-20260615-V1","118","devilpromt","ExcelOutputAsset/HonkaiTowns_LuckLevel.json","15899","98C59471B645C45000B0D22B145EDB8CB72DDB149DEC2FF6DC7EB8566FAA1747"
"1","HI3-STAGE-HELPERS-MIXED-20260615-V1","119","devilpromt","ExcelOutputAsset/HonkaiTowns_Qmonster.json","84650","3C4693B6DC7980238B8FA50E602E26F2655A308DF64A7E791005270B1B0F5BA7"
"1","HI3-STAGE-HELPERS-MIXED-20260615-V1","120","devilpromt","ExcelOutputAsset/HonkaiTowns_SpeedLevel.json","15883","146C47E667329609A8DE464C29FF1CF0C127F8CA6528C5B456C2A56DA8E3D5DA"
"1","HI3-STAGE-HELPERS-MIXED-20260615-V1","121","devilpromt","ExcelOutputAsset/HonkaiTowns_StrengthLevel.json","163866","6C9BB4E7B9C146BC3078B41D54FCA2A477D5AC9D5DE635B71783EFF77EB4C498"
"1","HI3-STAGE-HELPERS-MIXED-20260615-V1","122","devilpromt","ExcelOutputAsset/InLevelDialog.json","334639","7F941D4CFBEC22AC5F3D2E09C8E039B2EEDF0D76AFEDCD402A8D3AD73154A81F"
"1","HI3-STAGE-HELPERS-MIXED-20260615-V1","123","devilpromt","ExcelOutputAsset/KianaAutoChessMonster.json","215147","1CCD76A2ABAE2C91F63D716CBF1D66569172DF1973BE202BC06D0295B306297A"
"1","HI3-STAGE-HELPERS-MIXED-20260615-V1","124","devilpromt","ExcelOutputAsset/KianaAutoChessMonsterWave.json","55806","18CFE7DD8BDF6E898840D6BF9E5A6D0D9A6F5290749A41224FF19B226D1A2CE1"
"1","HI3-STAGE-HELPERS-MIXED-20260615-V1","125","devilpromt","ExcelOutputAsset/KianaAutoChessStage.json","11505","B07017E04E71D17912BDD7EA2389ECC155AE181C3BA08887415C1D9C1405F626"
"1","HI3-STAGE-HELPERS-MIXED-20260615-V1","126","devilpromt","ExcelOutputAsset/KianaAutoChessStageAbility.json","4168","2A13439EC9F6F88A6E275DB9304E529ADC75A2C86861DE366EFFC65D6219A278"
"1","HI3-STAGE-HELPERS-MIXED-20260615-V1","127","devilpromt","ExcelOutputAsset/LeaderSkillSubLevel.json","3897","7C90EA4947B2776D8CAF6D8C1A6F903B2D3B4E2BFB81E20869F60D2C6DE044F9"
"1","HI3-STAGE-HELPERS-MIXED-20260615-V1","128","devilpromt","ExcelOutputAsset/LevelPrepare.json","3200","990EA72795509A49E3E05BDC9DEE5E7A636BF52A1CB6274590809C095866F3D9"
"1","HI3-STAGE-HELPERS-MIXED-20260615-V1","129","devilpromt","ExcelOutputAsset/LevelSave.json","4277","38484077F9A96EAF8F221D15BB6D9ED24D66CC64D22C202F7743C7D5AD222708"
"1","HI3-STAGE-HELPERS-MIXED-20260615-V1","130","devilpromt","ExcelOutputAsset/LevelStatistics.json","210949","BDD9B247EAB9BD8BC161740F463741166A67D760E5A0BECDDD910C20C5A04C75"
"1","HI3-STAGE-HELPERS-MIXED-20260615-V1","131","devilpromt","ExcelOutputAsset/LevelTrialData.json","1745451","659CF631C08FE991AC146085B33CE67392F22385C2A838DB67BB8070F49D402F"
"1","HI3-STAGE-HELPERS-MIXED-20260615-V1","132","devilpromt","ExcelOutputAsset/MPLevel.json","22138","2E3F5D865307B88473E7B30934CCC279B0B79B8C986A5220319E97B6B588691A"
"1","HI3-STAGE-HELPERS-MIXED-20260615-V1","133","devilpromt","ExcelOutputAsset/MPStageBuff.json","2256","72B7E938E24B9A043FE9695EA76B6FDD0EAF7AEB287D52F33B8EF8F4F939A092"
"1","HI3-STAGE-HELPERS-MIXED-20260615-V1","134","devilpromt","ExcelOutputAsset/MPStageData.json","652424","90C7268345EBF8695B64F1FFAA31AEB957E66A9189B9299D76A168A9F3F7CA37"
"1","HI3-STAGE-HELPERS-MIXED-20260615-V1","135","devilpromt","ExcelOutputAsset/MPStagePlayerLevelDrop.json","4060","6CD40C7C55C6C954001E6E5426A05D415F003F4E7F7F4218FFC421532AB3BE7D"
"1","HI3-STAGE-HELPERS-MIXED-20260615-V1","136","devilpromt","ExcelOutputAsset/MahouCardMonster.json","23841","A6375E485C46B1471B6DA5A9064BF7CE5798A61981E4E829261BCA6B9DFCCF59"
"1","HI3-STAGE-HELPERS-MIXED-20260615-V1","137","devilpromt","ExcelOutputAsset/MahouCardRoleLevel.json","35599","3DAFB2A24437C8D7272A220376BB896C21A3F20488BD62BEC2007F80A99A311E"
"1","HI3-STAGE-HELPERS-MIXED-20260615-V1","138","devilpromt","ExcelOutputAsset/MainstageEvent.json","28712","03F1327C87042BB24256FDFFA20F010F21473655031604AC001602BF3688826D"
"1","HI3-STAGE-HELPERS-MIXED-20260615-V1","139","devilpromt","ExcelOutputAsset/MapLevelData.json","11031","C859CA54B06C6E92E24BFE1A53515B9DF10D014E9A4911A26A6DA09F698AE171"
"1","HI3-STAGE-HELPERS-MIXED-20260615-V1","140","devilpromt","ExcelOutputAsset/MapSiteQualityConfig.json","1148","7A38FC0320B92DBC37D0826ADB0868CE1A7D0886A1FDBA80BC93247EAB03440E"
"1","HI3-STAGE-HELPERS-MIXED-20260615-V1","141","devilpromt","ExcelOutputAsset/MapSiteScheduleData.json","11056","4ED5A5E2564B4F02AB01676D7DC7A148683C972080B21A51B93CA598DACEF9BB"
"1","HI3-STAGE-HELPERS-MIXED-20260615-V1","142","devilpromt","ExcelOutputAsset/MapSiteStageData.json","46246","4656DE06C1F5B6324D3D4C22367C866037185A3EF7A0585AD4324B7379456F3C"
"1","HI3-STAGE-HELPERS-MIXED-20260615-V1","143","devilpromt","ExcelOutputAsset/MarblesShootAvatarLevel.json","85132","65E58231EB17736171DE4315F9594E34659A6467CE1DDEE6B926163EA76E6750"
"1","HI3-STAGE-HELPERS-MIXED-20260615-V1","144","devilpromt","ExcelOutputAsset/MarblesShootMonster.json","64135","524447F01934EFD2B86E6608B3E37B50639F1EE9DA47B0ADCA1EF7F316366BE9"
"1","HI3-STAGE-HELPERS-MIXED-20260615-V1","145","devilpromt","ExcelOutputAsset/MarsChapterAuxiliaryLevel.json","1104","C1F48913C6EDE161FE76CEF07E8615974F7D3520951AE8F0C03E9CDE481C7AB7"
"1","HI3-STAGE-HELPERS-MIXED-20260615-V1","146","devilpromt","ExcelOutputAsset/MarsChapterCoreUnitLevel.json","133555","98E75D00EE1EBDC4E0407775BD065C7A021716FA7EE691A8B7370A7CCB71011D"
"1","HI3-STAGE-HELPERS-MIXED-20260615-V1","147","devilpromt","ExcelOutputAsset/MarsChapterLevel.json","14860","A59331E9DB2B826403FB99B97C9BD186BC7C1BB3239D9D0BCDD48EFF1EEAF88C"
"1","HI3-STAGE-HELPERS-MIXED-20260615-V1","148","devilpromt","ExcelOutputAsset/MarsChapterLevelReward.json","6994","4573408DFBDA2C7B0A513ED879EB802678DC8F25C425FE778AD2684B6DB0413C"
"1","HI3-STAGE-HELPERS-MIXED-20260615-V1","149","devilpromt","ExcelOutputAsset/MarsChapterLevelSuppression.json","11439","1F5B2E305F2659C706BA3121E8DE316B195EF8FF58B86004E4339D7A21A8F5CC"
"1","HI3-STAGE-HELPERS-MIXED-20260615-V1","150","devilpromt","ExcelOutputAsset/MarsGameRoomStage.json","21082","AD4C74540C751A4E51D9A44117387E93EE8903F22A40450B0B646E9959D16066"
"1","HI3-STAGE-HELPERS-MIXED-20260615-V1","151","devilpromt","ExcelOutputAsset/MarsResidentStage.json","42443","10C402167AA2A8FF45A9A3C0C03BDEDDBDB34B9C4762D056C2DEBF51E261D6E7"
"1","HI3-STAGE-HELPERS-MIXED-20260615-V1","152","devilpromt","ExcelOutputAsset/MarsResidentStageGroup.json","5305","904E7B38EE98582E21013E5B0257FD3EAC4E9D641A661390036A0113C8E777AF"
"1","HI3-STAGE-HELPERS-MIXED-20260615-V1","153","devilpromt","ExcelOutputAsset/MarsResidentStageMonster.json","16237","99929B790F961AA8265C5D2E4BE295E9157A5D8C404FE2437D148CB08D6EA9B2"
"1","HI3-STAGE-HELPERS-MIXED-20260615-V1","154","devilpromt","ExcelOutputAsset/MarsResidentStageRankGroup.json","1379","B533DA519C79E222C8A499E1D66A127378B561D86ACD056008E6C18027DCB887"
"1","HI3-STAGE-HELPERS-MIXED-20260615-V1","155","devilpromt","ExcelOutputAsset/MarsResidentStageRestrict.json","305","58D44D55E0778F9725D2FF30EFA3A20314524CFD12884C30BE3FB18F08193EFC"
"1","HI3-STAGE-HELPERS-MIXED-20260615-V1","156","devilpromt","ExcelOutputAsset/MarsRichManStage.json","1496","711B0D6D4E0A0F17C24B24CE5DE3B0CEA73EE333824D00A5CF4DFA18C1335746"
"1","HI3-STAGE-HELPERS-MIXED-20260615-V1","157","devilpromt","ExcelOutputAsset/MarsStage.json","39192","60F95C3D50944809D4D561E34ECF82CBE3B4921F15738A17D670ED1CFF933098"
"1","HI3-STAGE-HELPERS-MIXED-20260615-V1","158","devilpromt","ExcelOutputAsset/MarsWorldEcoMonsterInfo.json","65257","BC869EDD3699512F860823E343CDB6ED00B15539F7ABA76BE93A348A382ABB56"
"1","HI3-STAGE-HELPERS-MIXED-20260615-V1","159","devilpromt","ExcelOutputAsset/MatchThreeMonster.json","99462","45D25B40E8BF73A7B80F2A59CD3EBC325666EE52BB181F97126D21627BECE53C"
"1","HI3-STAGE-HELPERS-MIXED-20260615-V1","160","devilpromt","ExcelOutputAsset/MatchThreePlusDynamicLevel.json","596","7F9B5C726C30547C275DDFC484DFA0DB3D70BFC2399F675A0C39B389619E2DBD"
"1","HI3-STAGE-HELPERS-MIXED-20260615-V1","161","devilpromt","ExcelOutputAsset/MatchThreePlusMonster.json","275401","5E4B08AE632F96D635CC8BABA9B209F42DEA562A7E5A435BCDE5D2CD07D51C02"
"1","HI3-STAGE-HELPERS-MIXED-20260615-V1","162","devilpromt","ExcelOutputAsset/MatchThreePlusMonsterHL.json","3262","CA81309B070B8995261A19A595F51EF3B6D4DC4D166CECBE1C526690CDA749FA"
"1","HI3-STAGE-HELPERS-MIXED-20260615-V1","163","devilpromt","ExcelOutputAsset/MatchThreePlusMonsterSkill.json","14137","546AC697A5F8C238BAA596A99C110014359F26139AF248C42A5407DEF54C415A"
"1","HI3-STAGE-HELPERS-MIXED-20260615-V1","164","devilpromt","ExcelOutputAsset/MatchThreePlusRoleLevel.json","32867","682A6AD02C4558482040ECA0DAE82BBF65AE1A80C879A7DBCDFEF8A7CC22DCF3"
"1","HI3-STAGE-HELPERS-MIXED-20260615-V1","165","devilpromt","ExcelOutputAsset/MatchThreeShakeLevel.json","260","878239F003BFA8EE4EE1DEA7E2DE26B83A03BFE8B56182755D31A4040EF12473"
"1","HI3-STAGE-HELPERS-MIXED-20260615-V1","166","devilpromt","ExcelOutputAsset/MentorFameLevelData.json","1517","DD3056911A80CE4F1428A0ABE1BA3610EE750E869C1403AED2AED6CBA1181CB9"
"1","HI3-STAGE-HELPERS-MIXED-20260615-V1","167","devilpromt","ExcelOutputAsset/MiniBossExamHardStageData.json","10540","920ACD77D15E1E582B701FED3611533DC74985E619F2295B865A4A0929410356"
"1","HI3-STAGE-HELPERS-MIXED-20260615-V1","168","devilpromt","ExcelOutputAsset/MiniSkyFire_Stage.json","22511","D0C6D20B4B9F4C29589AB3394CD3A8669B4CC560BBE71AB9244F8442B9AEFC54"
"1","HI3-STAGE-HELPERS-MIXED-20260615-V1","169","devilpromt","ExcelOutputAsset/MinionClashActivityLevel.json","2787","A32604F2A8C9D8939F448127A217C6D4BB85E1EC56B42E5D197235C86D974F28"
"1","HI3-STAGE-HELPERS-MIXED-20260615-V1","170","devilpromt","ExcelOutputAsset/MinionClashCardLevel.json","3855","2023FBD63548F4FEEDCFF2DAA2B2345051855034ABD438DE3DB7888206361095"
"1","HI3-STAGE-HELPERS-MIXED-20260615-V1","171","devilpromt","ExcelOutputAsset/MinionClashDailyStageShow.json","257","84E87573C46AEA064286DEEC85EA6EA4F913C3FCAB24B5EEE86BF58336546894"
"1","HI3-STAGE-HELPERS-MIXED-20260615-V1","172","devilpromt","ExcelOutputAsset/MinionClashStage.json","78199","AD062651D21F9A387A1950A14D53C84F93BC36B949C6BB9A583A8A024C2CEFFC"
"1","HI3-STAGE-HELPERS-MIXED-20260615-V1","173","devilpromt","ExcelOutputAsset/MinionClashStageTimeLine.json","53093","6C4F4EEDD3D3D9AE3F75ABE03EB59BDBE5C1C8255FF15FC994A62D73F3DABBA3"
"1","HI3-STAGE-HELPERS-MIXED-20260615-V1","174","devilpromt","ExcelOutputAsset/MinionClashStageTrialDeck.json","20012","6EC3D28C855C233E03CA259BC3DDFA3C6D04F8AF67156CD3B707BA64A999A348"
"1","HI3-STAGE-HELPERS-MIXED-20260615-V1","175","devilpromt","ExcelOutputAsset/MirageChallengeLevel.json","22278","431F5996B4098CB0E1823A912E4F5A0C5E870A6A79D96979322640458F5FB4B5"
"1","HI3-STAGE-HELPERS-MIXED-20260615-V1","176","devilpromt","ExcelOutputAsset/MirageStage.json","19014","9F6C4A7D00A2FE1B2C78AFA826EF106B131941D17D8AC1F3A09AA3BF6BE84973"
"1","HI3-STAGE-HELPERS-MIXED-20260615-V1","177","devilpromt","ExcelOutputAsset/MirageStageDifficulty.json","11121","A44F22A713282C837B996136D87EDEF901FEEAF58B8908EF751509ED9B03E6F8"
"1","HI3-STAGE-HELPERS-MIXED-20260615-V1","178","devilpromt","ExcelOutputAsset/MirageStageScore.json","1102","F1C566F3016EC7A3F94518B49DDD6F6F5A817F9EDF0A75B8DFEF13C4C8FA056E"
"1","HI3-STAGE-HELPERS-MIXED-20260615-V1","179","devilpromt","ExcelOutputAsset/MirageTalentLevel.json","10886","08DACEA17AA9B888E6FDF66BACF7373A5E8F40CD77BEA15EFFE51C4176C66B87"
"1","HI3-STAGE-HELPERS-MIXED-20260615-V1","180","devilpromt","ExcelOutputAsset/MonopolyLevelInfo.json","155045","72A9E21F01FB21AD57F81BED18F310C8194634F124F908DDD7CE2457EAB37FBC"
"1","HI3-STAGE-HELPERS-MIXED-20260615-V1","181","devilpromt","ExcelOutputAsset/MonsterCard.json","75887","241A76EFE7DEB5E01F87C56DAF7E3018F3D363304BE8C7010704C5F077BA09A7"
"1","HI3-STAGE-HELPERS-MIXED-20260615-V1","182","devilpromt","ExcelOutputAsset/MonsterCardActivityData.json","913","35DA2CE5CE5BE91ABCBCC91CB96784E4C11AB4C05DBFA94987099677F94A69B4"
"1","HI3-STAGE-HELPERS-MIXED-20260615-V1","183","devilpromt","ExcelOutputAsset/MonsterCardActor.json","11343","46BAACD8F4E6E683E467006C8EA01C7B01786A29FF9277BC83EDD581BF56F611"
"1","HI3-STAGE-HELPERS-MIXED-20260615-V1","184","devilpromt","ExcelOutputAsset/MonsterCardBuffDisplay.json","3758","4CD94C6C6B5CF29BD77BA61BC5C92EC474489FD0A3649054E0AF6EDA70DB7E86"
"1","HI3-STAGE-HELPERS-MIXED-20260615-V1","185","devilpromt","ExcelOutputAsset/MonsterCardLevelLimit.json","4377","2938707219897AC61790A1D47BCB130ADC73C0B474A6F5B990BF5B2342546ECD"
"1","HI3-STAGE-HELPERS-MIXED-20260615-V1","186","devilpromt","ExcelOutputAsset/MonsterCardPVPActivityData.json","1864","81FBEEA88887350C762A5C6B5185837E86C192FD46E755ADE3FD1F1BE0DAD6E8"
"1","HI3-STAGE-HELPERS-MIXED-20260615-V1","187","devilpromt","ExcelOutputAsset/MonsterCardPVPCardLevel.json","14212","F4045EBCC9DB21535B6AB2E05D5F7011A3D2B53A1FA12EC1EA5F47DAA2F2BA7E"
"1","HI3-STAGE-HELPERS-MIXED-20260615-V1","188","devilpromt","ExcelOutputAsset/MonsterCardPVPLevel.json","5131","32B35B17AD787C91770F65E035C209009D7F94DD602D87701656218D607CFE4E"
"1","HI3-STAGE-HELPERS-MIXED-20260615-V1","189","devilpromt","ExcelOutputAsset/MonsterCardPVPReward.json","545","A4F758CE0DC49D2FEEF79EB1A79DC0B391E6F24B44BCA584DA349F0BB13574EB"
"1","HI3-STAGE-HELPERS-MIXED-20260615-V1","190","devilpromt","ExcelOutputAsset/MonsterCardPool.json","1015","643AE7F7F4FC668EABE3F16B51E0686C9EC45F20B3310D8E77BB30617F951F0F"
"1","HI3-STAGE-HELPERS-MIXED-20260615-V1","191","devilpromt","ExcelOutputAsset/MonsterCardPoolConfig.json","8552","73F8034B76ECDC40DB372217A42C24951F7BB88090D44A01F602AC6AA7AD3E1B"
"1","HI3-STAGE-HELPERS-MIXED-20260615-V1","192","devilpromt","ExcelOutputAsset/MonsterCardProdutivityRate.json","16545","61F14BA69B44E533605B9A46F5E1E4ADA44BC575366DFFDF563DA0B6EC00E2A9"
"1","HI3-STAGE-HELPERS-MIXED-20260615-V1","193","devilpromt","ExcelOutputAsset/MonsterCardRobot.json","37064","AFC0EDAF950C576AFDF89E731334352FE94EB22D3CDD745E34C156DA1EF6367A"
"1","HI3-STAGE-HELPERS-MIXED-20260615-V1","194","devilpromt","ExcelOutputAsset/MonsterCardSkill.json","191259","F3DC94D06069ED1B50724FB3CE461CBC9DF72DE79C12EAF537CC6BCC77257079"
"1","HI3-STAGE-HELPERS-MIXED-20260615-V1","195","devilpromt","ExcelOutputAsset/MonsterCardStage.json","137667","356E3B1D105648FAE3BFEF6E4EB6FE73E226D1CA94FEAFD0D05E9B92B671D666"
"1","HI3-STAGE-HELPERS-MIXED-20260615-V1","196","devilpromt","ExcelOutputAsset/MonsterCardStar.json","81042","1CA7FDA46E853EFEAEDA1B70351ECDD5D78F785A2AE45D66D65E57E78681718C"
"1","HI3-STAGE-HELPERS-MIXED-20260615-V1","197","devilpromt","ExcelOutputAsset/MonsterCardTalentBook.json","107","F53024D8058CBE34655ADC66930DB14A4CE7AC49A00D6B1850153A5A2152EB2C"
"1","HI3-STAGE-HELPERS-MIXED-20260615-V1","198","devilpromt","ExcelOutputAsset/MonsterCardTower.json","4305","680124BEC131BA9ACB08CC288381E17534D8620CF1DF69B0D4F43B72A268A34B"
"1","HI3-STAGE-HELPERS-MIXED-20260615-V1","199","devilpromt","ExcelOutputAsset/MonsterFarmAchievement.json","7366","08027336FCB7DE71BE1A0129EB22D52C44AE88748C8E119805D704FD84E04E56"
"1","HI3-STAGE-HELPERS-MIXED-20260615-V1","200","devilpromt","ExcelOutputAsset/MonsterFarmActivity.json","670","C9920870104ADD4A8DB633D8B5287E68CCA3DC4CDDF352004A8F12535BF2899A"
"1","HI3-STAGE-HELPERS-MIXED-20260615-V1","201","devilpromt","ExcelOutputAsset/MonsterFarmBookLevel.json","3093","F9629C1DBAF6267ED635BFAE685B270FD06597AC1F52405277B58B88AF919E61"
"1","HI3-STAGE-HELPERS-MIXED-20260615-V1","202","devilpromt","ExcelOutputAsset/MonsterFarmBuilding.json","56888","5212230837D78ED5241739BC8EE9FBE90A026E3241183F09935B3A15A6742E9E"
"1","HI3-STAGE-HELPERS-MIXED-20260615-V1","203","devilpromt","ExcelOutputAsset/MonsterFarmContentType.json","6592","8CD9C0197337FDCAF6874AB6AED18854A30EB34CC59CAA396D1D922A738F6157"
"1","HI3-STAGE-HELPERS-MIXED-20260615-V1","204","devilpromt","ExcelOutputAsset/MonsterFarmCrop.json","2341","E2B3831C45FE96D1E5A790F894CB20E6EE459D116A50325FD21E1A231912A9AA"
"1","HI3-STAGE-HELPERS-MIXED-20260615-V1","205","devilpromt","ExcelOutputAsset/MonsterFarmDailyReport.json","2","4F53CDA18C2BAA0C0354BB5F9A3ECBE5ED12AB4D8E11BA873C2F11161202B945"
"1","HI3-STAGE-HELPERS-MIXED-20260615-V1","206","devilpromt","ExcelOutputAsset/MonsterFarmDecoration.json","17184","A2E4F61B3546DB2EDB49AE8A868E3BD58B96481A3E48E43F787034EBDA26DFC3"
"1","HI3-STAGE-HELPERS-MIXED-20260615-V1","207","devilpromt","ExcelOutputAsset/MonsterFarmFish.json","10174","AF6009117FF2891E8003FA8070978360F544A8B73B6E9375981812F62B18E4E7"
"1","HI3-STAGE-HELPERS-MIXED-20260615-V1","208","devilpromt","ExcelOutputAsset/MonsterFarmGallery.json","22273","904F0B4D86ADA030B380ACFF01E7A12BFAAFC741CD78CC10836126FEF2493D07"
"1","HI3-STAGE-HELPERS-MIXED-20260615-V1","209","devilpromt","ExcelOutputAsset/MonsterFarmItem.json","90325","97045D675A572DCBFBFB71C859311EF3EF8B3106C049A9BE2551017716E1BC66"
"1","HI3-STAGE-HELPERS-MIXED-20260615-V1","210","devilpromt","ExcelOutputAsset/MonsterFarmMineral.json","4847","907B33F85B07B031C420EC77E2692FFA754589558F9197DF61FEE56AEC122E04"
"1","HI3-STAGE-HELPERS-MIXED-20260615-V1","211","devilpromt","ExcelOutputAsset/MonsterFarmPalAbility.json","558","AAB059C2287D2E31E485F9E6C868BC763C554384AB8432DCC440A8EBB1564CBB"
"1","HI3-STAGE-HELPERS-MIXED-20260615-V1","212","devilpromt","ExcelOutputAsset/MonsterFarmPalBreeding.json","7642","29884E9BB1F3A8CCD4EEDE0CF907C1AB56E4804A2A82A6B67E7E669F43D1A076"
"1","HI3-STAGE-HELPERS-MIXED-20260615-V1","213","devilpromt","ExcelOutputAsset/MonsterFarmPalGallery.json","13029","E7B0557D7444F7AFD4BF0B091202FCEC636443436D7C85E30391F74E85AC4104"
"1","HI3-STAGE-HELPERS-MIXED-20260615-V1","214","devilpromt","ExcelOutputAsset/MonsterFarmPalInfo.json","48076","8B8AD872B3C90997652499F3B5F58FEF257116D7D92C777D64B701052E56DD42"
"1","HI3-STAGE-HELPERS-MIXED-20260615-V1","215","devilpromt","ExcelOutputAsset/MonsterFarmPalMood.json","394","0848B8C31218E215672D6B1E6F4523E929354486F17FE5C279477968CEC9C5CA"
"1","HI3-STAGE-HELPERS-MIXED-20260615-V1","216","devilpromt","ExcelOutputAsset/MonsterFarmPalRare.json","498","21993DA255A39EA16B154E5F4D9C7C1436587DB50BBF990EF1AFD8EC715A5053"
"1","HI3-STAGE-HELPERS-MIXED-20260615-V1","217","devilpromt","ExcelOutputAsset/MonsterFarmPalTextName.json","7034","FADD4EC7B987685173354758657FF7E94854DBE7D6A22F6079B5FA39DF930A86"
"1","HI3-STAGE-HELPERS-MIXED-20260615-V1","218","devilpromt","ExcelOutputAsset/MonsterFarmPalWork.json","999","08C8968C346991086E903D05CA4E8AF0EB0755DE5ABF865B01F743170D085B6E"
"1","HI3-STAGE-HELPERS-MIXED-20260615-V1","219","devilpromt","ExcelOutputAsset/MonsterFarmPrivilege.json","2141","14CA79D6F8806EB495DFF512639DD0C7F0B0BC94BF92B129469DDA937F8612C7"
"1","HI3-STAGE-HELPERS-MIXED-20260615-V1","220","devilpromt","ExcelOutputAsset/MonsterFarmPrivilegeEffect.json","640","2EDF4C74B4C9A7046B3BD68E41C3C001FAA283F26B58EA682F07519EC7876750"
"1","HI3-STAGE-HELPERS-MIXED-20260615-V1","221","devilpromt","ExcelOutputAsset/MonsterFarmQuest.json","14326","9A68718B4541211D861DB2BEDF7BC4E3FDC5285802DE1CC840A82E8B8912B149"
"1","HI3-STAGE-HELPERS-MIXED-20260615-V1","222","devilpromt","ExcelOutputAsset/MonsterFarmRecipe.json","3792","855690A64F7DCCC3E722CF79C3AAFFA1C86A51BEF5FE3D07B6718796FF239BCC"
"1","HI3-STAGE-HELPERS-MIXED-20260615-V1","223","devilpromt","ExcelOutputAsset/MonsterFarmTeleport.json","707","04BBA36A6A75E7365AF22E42AC4BAFF899F998ACF77F014AD5FAA8B91D1133EF"
"1","HI3-STAGE-HELPERS-MIXED-20260615-V1","224","devilpromt","ExcelOutputAsset/MonsterFarmTool.json","9689","4894988FFD78AC590A6BD55B6290E602BBDBAFD31BEB002A3C1F0D729739F1AF"
"1","HI3-STAGE-HELPERS-MIXED-20260615-V1","225","devilpromt","ExcelOutputAsset/MonsterFarmWanderingLine.json","2972","001266A16173139ECA2D058141C7F7A81BE06872F3C0E9BA8FB74EB015C8698C"
"1","HI3-STAGE-HELPERS-MIXED-20260615-V1","226","devilpromt","ExcelOutputAsset/MonsterFarmWanderingPoint.json","6864","ADFF945FFCB31B5DA2533E657F6AB7080CC4533EE1052715EE6C87C51CAB7721"
"1","HI3-STAGE-HELPERS-MIXED-20260615-V1","227","devilpromt","ExcelOutputAsset/MonsterMorphActivity.json","249","9BA3E48486A7E3514C14E4D767C7F79FFEF94C949A24979A07B6E7A3DBBCCBC1"
"1","HI3-STAGE-HELPERS-MIXED-20260615-V1","228","devilpromt","ExcelOutputAsset/MonsterMorphAffix.json","3029","E2E231CAD0229CCB1C3A49476FACCC272078138B51594DD132EAD208BA613302"
"1","HI3-STAGE-HELPERS-MIXED-20260615-V1","229","devilpromt","ExcelOutputAsset/MonsterMorphMinion.json","23905","E5E615226A54886B19ED96124F0E0386D0CFC3362884FE5246F13A8070690E8B"
"1","HI3-STAGE-HELPERS-MIXED-20260615-V1","230","devilpromt","ExcelOutputAsset/MonsterMorphMonster.json","5127","592A065D01C2CBCD73BF3C1BEB0C6BF0F48D6AE764A2CD949FEA4D3106F1D214"
"1","HI3-STAGE-HELPERS-MIXED-20260615-V1","231","devilpromt","ExcelOutputAsset/MonsterMorphMonsterLevel.json","25922","82C6AD135F511E7474C64D4A0DB80F79F365D1DE9914066D3859283DF3C7A782"
"1","HI3-STAGE-HELPERS-MIXED-20260615-V1","232","devilpromt","ExcelOutputAsset/MonsterMorphMonsterStar.json","2210","3DB8F5BED06CAFF6E406359B8A836B00380576E80BD7017D913D414BD01DFE0C"
"1","HI3-STAGE-HELPERS-MIXED-20260615-V1","233","devilpromt","ExcelOutputAsset/MonsterMorphSiteDisplay.json","1617","80495FDE231A0488335C35DF6CDD14767F8ADDE58CA8A4B1B03E222A55EB6414"
"1","HI3-STAGE-HELPERS-MIXED-20260615-V1","234","devilpromt","ExcelOutputAsset/MonsterMorphSkill.json","32372","4564709A99A04D6B1F0EABCE4EDDC68BBC8B1A57DF5272910F8A81536594BA11"
"1","HI3-STAGE-HELPERS-MIXED-20260615-V1","235","devilpromt","ExcelOutputAsset/MonsterMorphSkillStep.json","30630","767C14658F27886D240D3CD0ADC6C9174B9BD7B1FA5B6B361B81FD3E47B7F8F6"
"1","HI3-STAGE-HELPERS-MIXED-20260615-V1","236","devilpromt","ExcelOutputAsset/MonsterMorphStage.json","34451","ADE8A14AED09790DD971D6DDC1CB23A57DD1A99B2D12AB6D024B8F5A92ECA7B5"
"1","HI3-STAGE-HELPERS-MIXED-20260615-V1","237","devilpromt","ExcelOutputAsset/MonsterMorphSuit.json","1826","14B4E83546B429F068DBB0BBF77C3070B8220B6249C6E1AD558C5713F7C33133"
"1","HI3-STAGE-HELPERS-MIXED-20260615-V1","238","devilpromt","ExcelOutputAsset/MonsterResistance.json","40221","84C52FBB53EC2CB7E3EC85950031A858BFFD560B9C5D7BCD854050DEE0FFAD1F"
"1","HI3-STAGE-HELPERS-MIXED-20260615-V1","239","devilpromt","ExcelOutputAsset/MonsterWikiData.json","49555","97729F3DB9E30B7920719D9B93C1821814B81D364E2931DA06E650D4CBD89AA5"
"1","HI3-STAGE-HELPERS-MIXED-20260615-V1","240","devilpromt","ExcelOutputAsset/MonsterWikiDescConfig.json","89094","5839B57400B27F1F70CCA9FDB0E2338D47DA3050BC0276FB7F639CB726894C28"
"1","HI3-STAGE-HELPERS-MIXED-20260615-V1","241","devilpromt","ExcelOutputAsset/MonsterWikiPage.json","1380","585229C2A9EB79ED8FCB8EC27BFAB98290E5A7D5B18889E742EB00B777DB7F75"
"1","HI3-STAGE-HELPERS-MIXED-20260615-V1","242","devilpromt","ExcelOutputAsset/NPCLevelLogic.json","3123939","90ADE85041672E4893A48BD3ED3E4C10640281C0F375D5808FA40D1C077B1DCB"
"1","HI3-STAGE-HELPERS-MIXED-20260615-V1","243","devilpromt","ExcelOutputAsset/NewbieActivityStageMission.json","38666","38534EE5B2ABE34EB92BBAB90B58AE45B3F1BFB03042870067B5EF20678E044A"
"1","HI3-STAGE-HELPERS-MIXED-20260615-V1","244","devilpromt","ExcelOutputAsset/NewbieLevelRush.json","1418","A420BD7EE020C1E04E1A65D6BF9A795EBF99499CB41A3772EEA7CA7B84DECBE4"
"1","HI3-STAGE-HELPERS-MIXED-20260615-V1","245","devilpromt","ExcelOutputAsset/NewbieLevelRushReward.json","6542","61FB22BF3425D4EBD70D747230B2CA8B13EB4AF48728AB3067D4864FF82268F1"
"1","HI3-STAGE-HELPERS-MIXED-20260615-V1","246","devilpromt","ExcelOutputAsset/NinjaSlotLevel.json","10047","DD2049873C36BB6110242FA59571D593B1251E437411A3C28969EE9FCAB234D9"
"1","HI3-STAGE-HELPERS-MIXED-20260615-V1","247","devilpromt","ExcelOutputAsset/OWActivityLevelData.json","2649","39CE30E21D4C29BBE02D12E2ABD5D3904A39526DC600AFC488E889CA502A2D41"
"1","HI3-STAGE-HELPERS-MIXED-20260615-V1","248","devilpromt","ExcelOutputAsset/OWAvatarActivityLevel.json","4110","A29075E91E121F9DA62B531A0411EBCA5B411FDBE7F77B0E8FF5711303D7FAB4"
"1","HI3-STAGE-HELPERS-MIXED-20260615-V1","249","devilpromt","ExcelOutputAsset/OWAvatarCultivateLevel.json","7680","6E74544571A58146382BEF35EBCD17E15C6E6C676A1EDFB55E4995BC63DCB9DC"
"1","HI3-STAGE-HELPERS-MIXED-20260615-V1","250","devilpromt","ExcelOutputAsset/OWEndlessMonsterData.json","360473","EED18F103D92BDC2268E81D5FC6BD4041BF7EAF9988DAECF730D8176E8B78733"
"1","HI3-STAGE-HELPERS-MIXED-20260615-V1","251","devilpromt","ExcelOutputAsset/OWEndlessMonsterGroupScore.json","376453","999C71F844EEE87F9CAC6762D0C65FBB8441AAA83EFF48BEF73A7822EF1FB892"
"1","HI3-STAGE-HELPERS-MIXED-20260615-V1","252","devilpromt","ExcelOutputAsset/OWEndlessMonsterInitType.json","181479","B1A9605E1292439902DB499EBD2AE5F2588B38977394EB79164ACBFB9841F42A"
"1","HI3-STAGE-HELPERS-MIXED-20260615-V1","253","devilpromt","ExcelOutputAsset/OWEndlessSingleModeStage.json","1097","858E596EB9EEA5C456D132BE073AA958A1FCFD58B43A6DC484E2F2E3CB8F82E8"
"1","HI3-STAGE-HELPERS-MIXED-20260615-V1","254","devilpromt","ExcelOutputAsset/OWEndlessSingleMonsterGroup.json","2","4F53CDA18C2BAA0C0354BB5F9A3ECBE5ED12AB4D8E11BA873C2F11161202B945"
"1","HI3-STAGE-HELPERS-MIXED-20260615-V1","255","devilpromt","ExcelOutputAsset/OWHuntActivityMonster.json","12482","C1748F053DE7AA663CF5447CCD3A91B25BF392037244FB6EEA9F040495055565"
"1","HI3-STAGE-HELPERS-MIXED-20260615-V1","256","devilpromt","ExcelOutputAsset/OWHuntActivitySHLevel.json","3788","A0DA31DE124B14559F23C5DAE37F80C0F09E974CD1121D3D86B282302DD16CCC"
"1","HI3-STAGE-HELPERS-MIXED-20260615-V1","257","devilpromt","ExcelOutputAsset/OWTalentLevelData.json","7902","CE6511E8027184713900DAC389CADEB3FBD31C3FEDC49FFD962E4BBA0E3EF999"
"1","HI3-STAGE-HELPERS-MIXED-20260615-V1","258","devilpromt","ExcelOutputAsset/OpenWorldDestinyLevelDiff.json","341","352C5E2D56E8CEBD12ABCC7CF07D59A48633899BF83B206A39D73EF9022AF83E"
"1","HI3-STAGE-HELPERS-MIXED-20260615-V1","259","devilpromt","ExcelOutputAsset/OpenWorldQuestLevelData.json","3854","B207DCE7EC91D9235963BAF505B82CB9BB8A7772D7FDDA1AD759620D3BCD89F5"
"1","HI3-STAGE-HELPERS-MIXED-20260615-V1","260","devilpromt","ExcelOutputAsset/OpenWorldQuestMapLevel.json","27848","A67699181E33737BF964A613101C2B7635545F0462462BF77BE8AC8E8FCFFCF0"
"1","HI3-STAGE-HELPERS-MIXED-20260615-V1","261","devilpromt","ExcelOutputAsset/OpenWorldQuestMonsterPower.json","3906","79DE0E6DB4576C135DD5AD3A05611608EB172D771EC5D28FD3B7497DC0B26F1B"
"1","HI3-STAGE-HELPERS-MIXED-20260615-V1","262","devilpromt","ExcelOutputAsset/PVZMonster.json","5175","B869D4DE4FEB6D6B1F6A97D3683A31B627AD71A3FEDB1907566F0C7255EB5531"
"1","HI3-STAGE-HELPERS-MIXED-20260615-V1","263","devilpromt","ExcelOutputAsset/PlatformShooterMonster.json","14816","844931851BB1D5F74BE45AC2F018703EEFF62CE16EE785778DAFC3B24890FF49"
"1","HI3-STAGE-HELPERS-MIXED-20260615-V1","264","devilpromt","ExcelOutputAsset/PlatformShooterStage.json","23994","E728A7FAB4DC3B334F0633EB54E5530498BD47D61DDAA9AC2E48C18A07E98B10"
"1","HI3-STAGE-HELPERS-MIXED-20260615-V1","265","devilpromt","ExcelOutputAsset/PlayerLevelData.json","15176","9E1B12FDC0939C224813A64527B3568C89709EA2C7584BDDE7F95EF56889CD8E"
"1","HI3-STAGE-HELPERS-MIXED-20260615-V1","266","devilpromt","ExcelOutputAsset/PlayerLevelLock.json","1376","A310DF2F1D1C4C4C57A9A153819A5D7D12FCC50408A627CCB71617B1A0CE76F3"
"1","HI3-STAGE-HELPERS-MIXED-20260615-V1","267","devilpromt","ExcelOutputAsset/PlayerLevelShopGoods.json","1520","06970BA978DF8F6CCE4FF59F637B50E0BCF38B2AD6B967B37383BECB119B88B9"
"1","HI3-STAGE-HELPERS-MIXED-20260615-V1","268","devilpromt","ExcelOutputAsset/QRtsMonster.json","10920","94C2C3AA4932706BE3C696A9A10E96BFF415C6FD96A1E399D8E4DFC16730EC94"
"1","HI3-STAGE-HELPERS-MIXED-20260615-V1","269","devilpromt","ExcelOutputAsset/QRtsStage.json","41454","69A90846926AA8C29A9B1DC8C7D40A09139443C2633FD93DAC8313E7A1378321"
"1","HI3-STAGE-HELPERS-MIXED-20260615-V1","270","devilpromt","ExcelOutputAsset/QRtsStageRound.json","55395","5754B911B4F5CFB61F72EE5DEF077E549B6C80E3A529A3BF85DFC25A93424255"
"1","HI3-STAGE-HELPERS-MIXED-20260615-V1","271","devilpromt","ExcelOutputAsset/QTEndlessMonsterData.json","84670","2A72D40635101894250BDD171D729AE5FBCC9A80BD28EAA2B6ABF8FFD18F484D"
"1","HI3-STAGE-HELPERS-MIXED-20260615-V1","272","devilpromt","ExcelOutputAsset/QTEndlessMonsterWave.json","210890","BD913D2A5245BFE8D1BA2259A39D2C837F580E28CE59543AFFA9F1DD24955175"
"1","HI3-STAGE-HELPERS-MIXED-20260615-V1","273","devilpromt","ExcelOutputAsset/RaidReplaceStage.json","32869","C200758B6E50CE3D6D8033508F39E9F3EF298F3E40EDB36C8735105148BF2C1F"
"1","HI3-STAGE-HELPERS-MIXED-20260615-V1","274","devilpromt","ExcelOutputAsset/RaidReplaceStageType.json","377","B5104A53D669D3CF902B160EE0AE274C19EABFDB9581519CB8816FAEE9D9202D"
"1","HI3-STAGE-HELPERS-MIXED-20260615-V1","275","devilpromt","ExcelOutputAsset/RanchMonster.json","33457","F18A0DEA5AC253AC82F249C5214F58FF3A38E461CA94E7B5616B2CEDFB748801"
"1","HI3-STAGE-HELPERS-MIXED-20260615-V1","276","devilpromt","ExcelOutputAsset/RanchMonsterExp.json","5386","DBF623653036ACF93088ECECD2C3B6837478F3E75544CB02B653A8E164890B36"
"1","HI3-STAGE-HELPERS-MIXED-20260615-V1","277","devilpromt","ExcelOutputAsset/RanchMonsterSkill.json","60585","7A88F43527483EBB4329BE20BB749FADAAC44BCF463C3065718333ED497A719D"
"1","HI3-STAGE-HELPERS-MIXED-20260615-V1","278","devilpromt","ExcelOutputAsset/RandomEffectLevel.json","4346","E69044A2BEBC3E3210FE8D2F3C725818417C1295BF5739F820D5DFAA2DD8EAF6"
"1","HI3-STAGE-HELPERS-MIXED-20260615-V1","279","devilpromt","ExcelOutputAsset/RelationStageBonusDrop.json","7387","87E684F6F072909289D0372CDE23C77C3DA702AAD6F39AFD3BAE0CC841ED60BE"
"1","HI3-STAGE-HELPERS-MIXED-20260615-V1","280","devilpromt","ExcelOutputAsset/RestaurantLevel.json","1959","8F8034D76E0DB2CA7BF97C799D66649FDCD6D505533396F2F02366D071EEE6C3"
"1","HI3-STAGE-HELPERS-MIXED-20260615-V1","281","devilpromt","ExcelOutputAsset/RestrictExtend_Stage.json","24900","DAD73753776AE19C3E0C070BA844A9CD9D19E7147CC15FA7C340445FEB65C4CC"
"1","HI3-STAGE-HELPERS-MIXED-20260615-V1","282","devilpromt","ExcelOutputAsset/ReunionCookStage.json","1862","632BF00A5FBF97C853505738F21D6ABC943894C5EE85B6C7A08ECF97287ACB5E"
"1","HI3-STAGE-HELPERS-MIXED-20260615-V1","283","devilpromt","ExcelOutputAsset/RichMonsterInfo.json","22626","C1E04A95968071DEFE066A256B5403DE5E4CB157CE52C3C9609A8367F663509A"
"1","HI3-STAGE-HELPERS-MIXED-20260615-V1","284","devilpromt","ExcelOutputAsset/RpgLevelProgress.json","2135","A7941BDB602D94520CD603F8A2A3B2B84ACD897048BDB09F44BAE6E74F5AA4EE"
"1","HI3-STAGE-HELPERS-MIXED-20260615-V1","285","devilpromt","ExcelOutputAsset/RpgStageDrop.json","30448","240CEF81802EA4FF5CCB9297F3A1B3A073BC9B52D19D1AF76938F831F3C6696F"
"1","HI3-STAGE-HELPERS-MIXED-20260615-V1","286","devilpromt","ExcelOutputAsset/RpgStageScore.json","565308","4ECDC96F7C15FF464F62D5AF01FD19E973337A5DE65DB54991DA67126DA8A83C"
"1","HI3-STAGE-HELPERS-MIXED-20260615-V1","287","devilpromt","ExcelOutputAsset/RpgTaleStageEnterTimes.json","2009","B6099058561FBFE445677171BE20A58A7A1A6B98CD13A3635A87DC649932A825"
"1","HI3-STAGE-HELPERS-MIXED-20260615-V1","288","devilpromt","ExcelOutputAsset/SLGStage.json","1344746","86A7B072DB37D187B33DA8179F958CC50A90D254A71F454F714A71CB71898694"
"1","HI3-STAGE-HELPERS-MIXED-20260615-V1","289","devilpromt","ExcelOutputAsset/SanctuaryBuildingLevel.json","3021","B65F0E489946A9883548AE143BD7290AFFC88CA5FA54BDAE019612195F9D6F74"
"1","HI3-STAGE-HELPERS-MIXED-20260615-V1","290","devilpromt","ExcelOutputAsset/SanctuaryStageConfig.json","14621","9D955EFC63B9EEF54DF2EBC072B453678243A9D9C5CC94ADA77F6F54E1BFB9CD"
"1","HI3-STAGE-HELPERS-MIXED-20260615-V1","291","devilpromt","ExcelOutputAsset/ScDLCAvatarLevel.json","171196","44D39C67C252C3292D7A10C2D7428CAF147568024D18556054D55F2BA970F9EF"
"1","HI3-STAGE-HELPERS-MIXED-20260615-V1","292","devilpromt","ExcelOutputAsset/ScDLCChallengeStage.json","792","E50C1B92A90C3AF3556DF26384D103E5113BD44AC7282D6A59BD21F819DA0D9F"
"1","HI3-STAGE-HELPERS-MIXED-20260615-V1","293","devilpromt","ExcelOutputAsset/ScDLCLevel.json","29956","2D5E8CE0F51A8912C7441E03BBEF4146C14A24BB8E26DE11EFCE1014F0B29BA3"
"1","HI3-STAGE-HELPERS-MIXED-20260615-V1","294","devilpromt","ExcelOutputAsset/ScDLCMPStageDisplay.json","1159","3EEA60E658EC152E781FFFF39BF9B46823E61C876E14A7C05AC8CE77F7954E86"
"1","HI3-STAGE-HELPERS-MIXED-20260615-V1","295","devilpromt","ExcelOutputAsset/ScDLCTalentLevel.json","117205","E2AB95126D69AA610E92A78F558A646BA6A8A30383B1F47815A278AE83863E56"
"1","HI3-STAGE-HELPERS-MIXED-20260615-V1","296","devilpromt","ExcelOutputAsset/ScDLCTeachStage.json","3284","47B0FD668930A5BCDF0C32F18F9A7409718863B2912CAD0C90FC499E1C1FFAB8"
"1","HI3-STAGE-HELPERS-MIXED-20260615-V1","297","devilpromt","ExcelOutputAsset/ScDLCTowerMonster.json","4194","B4AEEFEC4AEBAC94A3B8A691F160C3AE6DFDC4C9D98D51039BE7A3DB25006AB7"
"1","HI3-STAGE-HELPERS-MIXED-20260615-V1","298","devilpromt","ExcelOutputAsset/SimplifiedGodWarStage.json","13094","8CDA58427A9153D1F629246F0D1103718579B89FA4FF99E3B240FEDD70E7E6F5"
"1","HI3-STAGE-HELPERS-MIXED-20260615-V1","299","devilpromt","ExcelOutputAsset/SingleWantedStageGroup.json","8667","1149E7416C238FEC95ABC271402F742ED72843BC47441C3CCE285672015B8583"
"1","HI3-STAGE-HELPERS-MIXED-20260615-V1","300","devilpromt","ExcelOutputAsset/StageChallengeData.json","196566","F07636E4F708FA7FF361F4CECE68C9D6D30D8BF90AB0705811A012286BD3B558"
"1","HI3-STAGE-HELPERS-MIXED-20260615-V1","301","devilpromt","ExcelOutputAsset/StageDamageStatistics.json","10109","045EF9AC0C1593BF3BBA0776B10B67047F0A234A333C84D14881181ED2087BEF"
"1","HI3-STAGE-HELPERS-MIXED-20260615-V1","302","devilpromt","ExcelOutputAsset/StageData_Main.json","33233845","687B8D31311A10716A21B176582C3617A8D6435D92A3DD0580F47A134C0DFDD5"
"1","HI3-STAGE-HELPERS-MIXED-20260615-V1","303","devilpromt","ExcelOutputAsset/StageData_Story.json","11107","4E91DD203FA90603B9EC3CB8F48982465FD803BB31CE0D403F15D5D1F9D395F1"
"1","HI3-STAGE-HELPERS-MIXED-20260615-V1","304","devilpromt","ExcelOutputAsset/StageData_StoryMapped.json","3570","3E93BF2FB1264C151486020AD88B3F3101FCF74797587801C53FB0FCBD93DA83"
"1","HI3-STAGE-HELPERS-MIXED-20260615-V1","305","devilpromt","ExcelOutputAsset/StageDetail.json","2631668","A958E9CF148228D5D91B8138239FDFA0F28E40BF3906749CB49966E57EDBF6D3"
"1","HI3-STAGE-HELPERS-MIXED-20260615-V1","306","devilpromt","ExcelOutputAsset/StageDetailLayout.json","16684","E7B86DEC5E7F5D01F98AC6A5C76A737B2574BA84BE891BEA95000B5DED24AE4E"
"1","HI3-STAGE-HELPERS-MIXED-20260615-V1","307","devilpromt","ExcelOutputAsset/StageDetail_Ability.json","512752","1A7808400833244199E5A2D658E986EF40EEE454E255F85D667E5C266A41CE1C"
"1","HI3-STAGE-HELPERS-MIXED-20260615-V1","308","devilpromt","ExcelOutputAsset/StageDetail_AccumuatorGauge.json","557","83DAFE036F981AF38C171007E60E0099A2E12A355717B84511BBDA7818BF84DD"
"1","HI3-STAGE-HELPERS-MIXED-20260615-V1","309","devilpromt","ExcelOutputAsset/StageDetail_Effect.json","389280","91980F60217C5503E5B55CEB5FB8328346D6918E74A12800508AB2411A227864"
"1","HI3-STAGE-HELPERS-MIXED-20260615-V1","310","devilpromt","ExcelOutputAsset/StageDetail_Monster.json","633692","4AAAAC7DC22B26F8B4B53A13FB3DC979D6584AE255427A1D20387FDE31C3F7F8"
"1","HI3-STAGE-HELPERS-MIXED-20260615-V1","311","devilpromt","ExcelOutputAsset/StageDetail_Monster_Resist.json","5735","12AAF801F4BD8FB5A9EF87194C1DC74DD64C9A3FCD9C0783270976B9882CD1F8"
"1","HI3-STAGE-HELPERS-MIXED-20260615-V1","312","devilpromt","ExcelOutputAsset/StageDetail_Nature.json","660","124D7D1503791B0CF5A2BCDB18168364C1EFDB69C8A2404AE0D780C29313769E"
"1","HI3-STAGE-HELPERS-MIXED-20260615-V1","313","devilpromt","ExcelOutputAsset/StageDetail_SkillType.json","3534","A303CFFBFE37994920C21E6C8A92A3595F7C29BC5C3C7058E85D6629EB16C100"
"1","HI3-STAGE-HELPERS-MIXED-20260615-V1","314","devilpromt","ExcelOutputAsset/StageDialogData.json","244605","7482F4D9CDF60057A39967D2571AADB7896B9A45E1A4B9D53B45A353E743FED7"
"1","HI3-STAGE-HELPERS-MIXED-20260615-V1","315","devilpromt","ExcelOutputAsset/StageDifficultySelect.json","1058","8387B4734844C5A9EAE3FA709F4ABCF7175D79B69A07761021E7D919C27D221E"
"1","HI3-STAGE-HELPERS-MIXED-20260615-V1","316","devilpromt","ExcelOutputAsset/StageDropItemData.json","586928","15B711EE8EF50E8E4AC0AE134EC2CC9E78BF28E270E483C244EAE6EA1BD124B8"
"1","HI3-STAGE-HELPERS-MIXED-20260615-V1","317","devilpromt","ExcelOutputAsset/StageEffectCarryOn.json","1787","F39F1C825644B8F33827B12D6D896F2521B8B24399C8CE6904A24EC627012440"
"1","HI3-STAGE-HELPERS-MIXED-20260615-V1","318","devilpromt","ExcelOutputAsset/StageEnhanceData.json","16143","697DF8A6EE54E7743F34BA8F559F9A529230ED82416CD0124F53ED1619570CEF"
"1","HI3-STAGE-HELPERS-MIXED-20260615-V1","319","devilpromt","ExcelOutputAsset/StageLiveRecommend.json","57710","7BC32BC19563C89E2DAE9DD9FD8CDE8DF8F3EDF099C12D2AD382F36BD75518B8"
"1","HI3-STAGE-HELPERS-MIXED-20260615-V1","320","devilpromt","ExcelOutputAsset/StageMaxScoreData.json","29113","C1FEC93ACBBF5D16BACEF30488CD195CAE7EF602DE1124E5E5D760208C07733A"
"1","HI3-STAGE-HELPERS-MIXED-20260615-V1","321","devilpromt","ExcelOutputAsset/StageMessage.json","3509","207CECD873D1970B406B283D10990008B8CD0B0C67599B3861951A8DD1CD1C61"
"1","HI3-STAGE-HELPERS-MIXED-20260615-V1","322","devilpromt","ExcelOutputAsset/StageMultiTeamData.json","3978","759D73C990D4DBD06E548BD796969EAD42FDE0326C8DCC7507744343EF759744"
"1","HI3-STAGE-HELPERS-MIXED-20260615-V1","323","devilpromt","ExcelOutputAsset/StageNeedMuteChallengePopup.json","3666","CFC63F12E76A7EDEA7CB7DA0DC479D3AED464187E00345A4404D3969ECEC6DFF"
"1","HI3-STAGE-HELPERS-MIXED-20260615-V1","324","devilpromt","ExcelOutputAsset/StagePhoto.json","2018","72F1807AA587C48D7A7E236EC396AD646E8531E6893E0213BE19A0D790846F89"
"1","HI3-STAGE-HELPERS-MIXED-20260615-V1","325","devilpromt","ExcelOutputAsset/StageQAvatar.json","2305","C0934BAA655D7C0D4F18F77C25ED59675FC0A6D518C726CD44D9ED7D213612B7"
"1","HI3-STAGE-HELPERS-MIXED-20260615-V1","326","devilpromt","ExcelOutputAsset/StageRandomEffect.json","3370","FD2BECFB65D5870216786ED5A25B2C37A36224DCE7A84F1569D076AA48B48215"
"1","HI3-STAGE-HELPERS-MIXED-20260615-V1","327","devilpromt","ExcelOutputAsset/StageRankConfig.json","1732","F91A0978007027BEB050AF49BCBF3E22F1D37C658113607A286140D9D02F2C16"
"1","HI3-STAGE-HELPERS-MIXED-20260615-V1","328","devilpromt","ExcelOutputAsset/StageRankGroupConfig.json","872","21E39DD15FFACCE732A0BC4E7EBA7C63080634FD949D90C8E168ED40642DBDF4"
"1","HI3-STAGE-HELPERS-MIXED-20260615-V1","329","devilpromt","ExcelOutputAsset/StageReChanllenge.json","87790","0524E96C7186F3862F27C67BBA0F5745983C4A13A2F04D2D4A77754BE07F7A6B"
"1","HI3-STAGE-HELPERS-MIXED-20260615-V1","330","devilpromt","ExcelOutputAsset/StageResetCostData.json","16525","B95C45A79015CA75706F056ADB337567B047C0A0D1A05F9925C35852F3A0A95B"
"1","HI3-STAGE-HELPERS-MIXED-20260615-V1","331","devilpromt","ExcelOutputAsset/StageResistanceData.json","2490","A886F57008967F7885A74A1EF3D45C9B24628F45A79356DE6EDE4A15EB38B981"
"1","HI3-STAGE-HELPERS-MIXED-20260615-V1","332","devilpromt","ExcelOutputAsset/StageRestrictData.json","243565","974A13EF5308F90854A6506F54CD56122C60E1DAB7C1FD9022490D8F90CE0025"
"1","HI3-STAGE-HELPERS-MIXED-20260615-V1","333","devilpromt","ExcelOutputAsset/StageRestrictExtend.json","22842","28ECB6C308D4A90365682A996EA394F0F874F66A58BA2477684064B1FF855FF5"
"1","HI3-STAGE-HELPERS-MIXED-20260615-V1","334","devilpromt","ExcelOutputAsset/StageReviveCostData.json","2007","9739C201462C5169306F8380C280469A215A0E240A84E972AA8DDFD61BBB0B61"
"1","HI3-STAGE-HELPERS-MIXED-20260615-V1","335","devilpromt","ExcelOutputAsset/StageScoreReward.json","1559301","B7C44A7FC73FF79E95B76E8C6B5E2004E2669AF65D08195630867DA40315E0AB"
"1","HI3-STAGE-HELPERS-MIXED-20260615-V1","336","devilpromt","ExcelOutputAsset/StageScoreRewardDisplay.json","562","71317C25D8A1068492DD642EBC755EE9CB0983021085D33E7C6077E4A8465327"
"1","HI3-STAGE-HELPERS-MIXED-20260615-V1","337","devilpromt","ExcelOutputAsset/StageTutorialData.json","473","69502D4F87F1F545547D6D82855E598C5391FBB266FA5D7A7CF8B9A4929923DF"
"1","HI3-STAGE-HELPERS-MIXED-20260615-V1","338","devilpromt","ExcelOutputAsset/StageTypeData.json","8797","419A68A14B3A3790038B2FC67D7CD9F8B45A871B94180224C44908F0D1132728"
"1","HI3-STAGE-HELPERS-MIXED-20260615-V1","339","devilpromt","ExcelOutputAsset/SupportAvatarLevel.json","15912","A0141B1EA4C724014642201DF1DD44F9126AFD22B5FF69A7BA88FF2B90364501"
"1","HI3-STAGE-HELPERS-MIXED-20260615-V1","340","devilpromt","ExcelOutputAsset/SusannaTrialMainStageTime.json","1861","4F0B680C1F440BB2E0133064C718B815E8C33754221AEE3EAE7AC1766AEFBB55"
"1","HI3-STAGE-HELPERS-MIXED-20260615-V1","341","devilpromt","ExcelOutputAsset/SusannaTrialStage.json","33579","3D09DC24F93D3223AAFA2844D4ACFCBC9E2D02F1CFD4AA7195995B65F31C9134"
"1","HI3-STAGE-HELPERS-MIXED-20260615-V1","342","devilpromt","ExcelOutputAsset/SusannaTrialTotalBuffLevel.json","10365","5AC196D017FD1FFDF8AF2487554649F81015F3176781801CEF29D60667DFC130"
"1","HI3-STAGE-HELPERS-MIXED-20260615-V1","343","devilpromt","ExcelOutputAsset/ThemeData_Stage.json","3263","A221B3E52F6A8665BEF0AF7042FB35F7ADFE2A2297B4DE164195323FF0318ECA"
"1","HI3-STAGE-HELPERS-MIXED-20260615-V1","344","devilpromt","ExcelOutputAsset/ThemeTowerSectionLevel.json","378","2207672B8FBC5407AC3644BE8D6CBC026CC2BA5136415DC975BD67C31805B82D"
"1","HI3-STAGE-HELPERS-MIXED-20260615-V1","345","devilpromt","ExcelOutputAsset/ThemeTowerStage.json","203202","2EBE82BCC7A98F120279D9EAA33FE1C0FA38D03305A94242A13F08E26363A0D8"
"1","HI3-STAGE-HELPERS-MIXED-20260615-V1","346","devilpromt","ExcelOutputAsset/ThemeTowerStageFloor.json","2","4F53CDA18C2BAA0C0354BB5F9A3ECBE5ED12AB4D8E11BA873C2F11161202B945"
"1","HI3-STAGE-HELPERS-MIXED-20260615-V1","347","devilpromt","ExcelOutputAsset/ThemeTowerStageStep.json","129890","C962B53E94F63E2F8518F2B316D3A755AB4AD14D08B8E75A4828513F160D827C"
"1","HI3-STAGE-HELPERS-MIXED-20260615-V1","348","devilpromt","ExcelOutputAsset/TiledGameFarmLevel.json","1875","CDB4246C9FA107E345B04CD0D2211BD45B5FB241B0D2708DC7D14C5B0F58A811"
"1","HI3-STAGE-HELPERS-MIXED-20260615-V1","349","devilpromt","ExcelOutputAsset/TiledGameOW_Level.json","4571","D23700FB0D2FA94D15B62287DBA8715B62657846AB8C5178AC4D9A6DDC92BE9C"
"1","HI3-STAGE-HELPERS-MIXED-20260615-V1","350","devilpromt","ExcelOutputAsset/TiledGameOW_Monster.json","34856","8161F239DA473368A2CA7BB2CA898CE834D0BC20482A74ABCF94561B3DB605A2"
"1","HI3-STAGE-HELPERS-MIXED-20260615-V1","351","devilpromt","ExcelOutputAsset/TiledGame_PrpgCardLevel.json","20290","740AB7765F9E4D0C5E0EFC21EB0CCE54D76BB7E82FE5CBD1B375B93AC837EBBE"
"1","HI3-STAGE-HELPERS-MIXED-20260615-V1","352","devilpromt","ExcelOutputAsset/TiledGame_PrpgDynamicLevel.json","336","547E241C7C363CD6C36E899F7BB70BCB50336184BF75B74F32E9C9C5EEC09CBB"
"1","HI3-STAGE-HELPERS-MIXED-20260615-V1","353","devilpromt","ExcelOutputAsset/TiledGame_PrpgLevelSuppress.json","372","5B4DF8DDF94FD2736E52ED65F733CD152E40BD5E168648DB917D555B703A2669"
"1","HI3-STAGE-HELPERS-MIXED-20260615-V1","354","devilpromt","ExcelOutputAsset/TiledGame_SrpgExploreLevel.json","4039","E3CE961599E65C5CB70855741B143BC1DE01A0878B4DBA85DCC46B4007D6F9E0"
"1","HI3-STAGE-HELPERS-MIXED-20260615-V1","355","devilpromt","ExcelOutputAsset/TouchLevelData.json","913","CA403E576835172C68734AEA07A4D3FB72F80B7165FCE5E3C443C2C7F0DB8832"
"1","HI3-STAGE-HELPERS-MIXED-20260615-V1","356","devilpromt","ExcelOutputAsset/TowerRaidStage.json","10120","EBB4742787D4159D7D8B5906F0B07FEFA89AF41DCC64D484A3F13D3698BAF58E"
"1","HI3-STAGE-HELPERS-MIXED-20260615-V1","357","devilpromt","ExcelOutputAsset/TrainingLevelAchieve.json","2","4F53CDA18C2BAA0C0354BB5F9A3ECBE5ED12AB4D8E11BA873C2F11161202B945"
"1","HI3-STAGE-HELPERS-MIXED-20260615-V1","358","devilpromt","ExcelOutputAsset/TrainingLevelData.json","2","4F53CDA18C2BAA0C0354BB5F9A3ECBE5ED12AB4D8E11BA873C2F11161202B945"
"1","HI3-STAGE-HELPERS-MIXED-20260615-V1","359","devilpromt","ExcelOutputAsset/UltraEndlessStage.json","11711","4583D983D6B09AE150832F10251F42C40F953BD5674E1EC457691797C24BB8DF"
"1","HI3-STAGE-HELPERS-MIXED-20260615-V1","360","devilpromt","ExcelOutputAsset/UniqueMonsterData.json","15175875","19E52E01ED8B1E28434526517B13213517DB070513C1CB83656B47D74A0641C7"
"1","HI3-STAGE-HELPERS-MIXED-20260615-V1","361","devilpromt","ExcelOutputAsset/VirtualCustomLevelData.json","37777","173B98C7E634E985C87F7976ADC4CB53FD6BCA82569A6A0890D92F351CCD4AB1"
"1","HI3-STAGE-HELPERS-MIXED-20260615-V1","362","devilpromt","ExcelOutputAsset/VirtualTrainStageDrop.json","3806","E05520D7FDEFC78ADDCEB0FFF65E3B9286E0DF02911C629A4E9AD9376456B940"
"1","HI3-STAGE-HELPERS-MIXED-20260615-V1","363","devilpromt","ExcelOutputAsset/WaveRushBuffLevelGroup.json","593047","8EB83A7308696CD1E44B083D9C5C4F8E78A3EB273E8947D0503174C4CB1788D6"
"1","HI3-STAGE-HELPERS-MIXED-20260615-V1","364","devilpromt","ExcelOutputAsset/WaveRushStageData.json","83516","17F02398D26B5CC5310013BCC89FFB21790012A6B0F4DDF1B78AD1FA6746420F"
"1","HI3-STAGE-HELPERS-MIXED-20260615-V1","365","devilpromt","ExcelOutputAsset/WaveRushStageGroup.json","77755","928FC3119702E0A43425C0A62458ED0BF26F899ECC1FAE4A240FBBC57B2C7A7A"
"1","HI3-STAGE-HELPERS-MIXED-20260615-V1","366","devilpromt","ExcelOutputAsset/WaveRushStageScoreDrop.json","35366","C9688475489F88ADE27B0CB9A8839C1470DF87E1364850E8677195F0439EA14B"
"1","HI3-STAGE-HELPERS-MIXED-20260615-V1","367","devilpromt","ExcelOutputAsset/WaveRushStageWave.json","58105","F559FA3DBB70141A7386F10F14E545CFE2A63227DC9A08311FBE1D3884136C31"
"1","HI3-STAGE-HELPERS-MIXED-20260615-V1","368","devilpromt","ExcelOutputAsset/WeaponHomologyLevel.json","9707","1A38FE6677253FF9A66BA75E263C794A9D17D300DD5A5B7293ACAFD77985A31F"
"1","HI3-STAGE-HELPERS-MIXED-20260615-V1","369","devilpromt","ExcelOutputAsset_deobf/GeneralActivityStageGroup.json","242318","B60439EFA323C48680C7C79E1630BD94FFE76F90375899015EBC6342C8609E5F"
"1","HI3-STAGE-HELPERS-MIXED-20260615-V1","370","devilpromt","ExcelOutputAsset_deobf/StageData_Main.json","34753945","C359B0B18E7F015AA9FFDDD01EE47A5AEDDD0CA98F6115E03CBC9F28158894DF"
"1","HI3-STAGE-HELPERS-MIXED-20260615-V1","371","nairieberry","Global/ExcelOutputAsset/ActivityChargeLevel.json","23557","0C6D9397318F05F84356AA9542F3BB33D6C89FA7D0E72FC90079B5921E46DF57"
"1","HI3-STAGE-HELPERS-MIXED-20260615-V1","372","nairieberry","Global/ExcelOutputAsset/ActivityStageRank.json","3432","99A99E9AF22429CF8862BCA5A755AFC04768F3C857204A484DB45D4B98097A17"
"1","HI3-STAGE-HELPERS-MIXED-20260615-V1","373","nairieberry","Global/ExcelOutputAsset/AdventureAvatarSkillLevel.json","7478","A71D2E1FCDEB2C34C476FF96441B888C050C7FC4814A665428C0CE0CE0987A42"
"1","HI3-STAGE-HELPERS-MIXED-20260615-V1","374","nairieberry","Global/ExcelOutputAsset/AffinityTotalLevelReward.json","2","4F53CDA18C2BAA0C0354BB5F9A3ECBE5ED12AB4D8E11BA873C2F11161202B945"
"1","HI3-STAGE-HELPERS-MIXED-20260615-V1","375","nairieberry","Global/ExcelOutputAsset/Affix_TitleLevel.json","5267","6494C49FA19F95C34E20D383E55BB257200E4E991F2617A1DD86ED4C7D721A01"
"1","HI3-STAGE-HELPERS-MIXED-20260615-V1","376","nairieberry","Global/ExcelOutputAsset/ArmadaReunionLevel.json","14599","BCC66D72ED1404D57A8B5373864A2C68C72CEEB1031D29137DCC79CC0C78497D"
"1","HI3-STAGE-HELPERS-MIXED-20260615-V1","377","nairieberry","Global/ExcelOutputAsset/ArmadaStageBossData.json","2","4F53CDA18C2BAA0C0354BB5F9A3ECBE5ED12AB4D8E11BA873C2F11161202B945"
"1","HI3-STAGE-HELPERS-MIXED-20260615-V1","378","nairieberry","Global/ExcelOutputAsset/ArmadaStageHardData.json","23530","FCB3C5347DAD9E97616AB88F079B82720E40D3DA88EEB0F941DCB8E93345710F"
"1","HI3-STAGE-HELPERS-MIXED-20260615-V1","379","nairieberry","Global/ExcelOutputAsset/AvatarArtifactLevel.json","12759","CBBF893E90849F2F3F1C1AE0525488D96819C94455DE8AAE0735CCFF8EB18339"
"1","HI3-STAGE-HELPERS-MIXED-20260615-V1","380","nairieberry","Global/ExcelOutputAsset/AvatarLevelData.json","11781","B145AAF6FF2E467840BF402A07F9C15BD05D5F697CFABCC81D5F09D228C367BA"
"1","HI3-STAGE-HELPERS-MIXED-20260615-V1","381","nairieberry","Global/ExcelOutputAsset/AvatarSubSkillLevelDataV2.json","27734","08435097CECF2D440EEC900573A734749BCFD801DFCE068ED5B4EB5B658BA6AC"
"1","HI3-STAGE-HELPERS-MIXED-20260615-V1","382","nairieberry","Global/ExcelOutputAsset/BattlePassSeasonLevelConfig.json","243204","74A49B4F0A4F59B049C13DC36EF0B8EC6D409394297AF63C03A9971A13DACD10"
"1","HI3-STAGE-HELPERS-MIXED-20260615-V1","383","nairieberry","Global/ExcelOutputAsset/BattlePassThemeLevelConfig.json","15464","97E289C37105E9DCBB566A9BD50E7B4F242DE739733EFA5638118FA4C931E268"
"1","HI3-STAGE-HELPERS-MIXED-20260615-V1","384","nairieberry","Global/ExcelOutputAsset/BbqLevel.json","404","85CA11ACB8BBA27EF8514387643CB7115D642812E23CC7808A3CF0C875F9418A"
"1","HI3-STAGE-HELPERS-MIXED-20260615-V1","385","nairieberry","Global/ExcelOutputAsset/BeastStage.json","4605","CF37D30CE3F6AB8A31AA0272BB890526255D866AF959B39EBFB32F26098A522E"
"1","HI3-STAGE-HELPERS-MIXED-20260615-V1","386","nairieberry","Global/ExcelOutputAsset/BeastStageDisplay.json","19506","2E4C60F78B989ECF5C289665238B865E44A14DEB04B99955661411D6D796269D"
"1","HI3-STAGE-HELPERS-MIXED-20260615-V1","387","nairieberry","Global/ExcelOutputAsset/ChallengeWarStageData.json","20509","B1A6DE1CEBCD64F61AF3ACE1AD1A22BC59A88207589BECF6CA3A0B02BD4E811C"
"1","HI3-STAGE-HELPERS-MIXED-20260615-V1","388","nairieberry","Global/ExcelOutputAsset/ChallengeWarStageFloor.json","2775","39E9E769A2396C87DDDC54493C3C30C5D8533E5FAC2543EA2445534E4261367A"
"1","HI3-STAGE-HELPERS-MIXED-20260615-V1","389","nairieberry","Global/ExcelOutputAsset/ChapterActivityStage.json","76764","5E38F77ED8194AE837E773B72A1837844A4FD956FF133FEF664739CFA3B1CEE3"
"1","HI3-STAGE-HELPERS-MIXED-20260615-V1","390","nairieberry","Global/ExcelOutputAsset/ChapterCultivateLevelData.json","25310","8551305EB2DDE4406C3AF12F9A55556A6455E67C51008FE677EA565EBDDD4799"
"1","HI3-STAGE-HELPERS-MIXED-20260615-V1","391","nairieberry","Global/ExcelOutputAsset/ChapterCultivateMonster.json","822","235A80F5D4AEB0BAD2F227DDCC6AFBCDCBE1737FE8D3DAB4F72AC030C85F851E"
"1","HI3-STAGE-HELPERS-MIXED-20260615-V1","392","nairieberry","Global/ExcelOutputAsset/CollectionMonsterData.json","11861","D90E9CA27A8E553E01DF113577A371B36554DF6347FF26F2F415A0741C69FA60"
"1","HI3-STAGE-HELPERS-MIXED-20260615-V1","393","nairieberry","Global/ExcelOutputAsset/CompetitionSeasonLevel.json","9375","5AA098B33EE9471FC00BBE99EE4FF024A584E67D5BA84CF6DED9FF962B41A1AD"
"1","HI3-STAGE-HELPERS-MIXED-20260615-V1","394","nairieberry","Global/ExcelOutputAsset/CoupleTowerStage.json","3405","79CF2737ECD3C7EB27F4DDED0E449BE2CC80528CDB57AFEE281196FCF1835958"
"1","HI3-STAGE-HELPERS-MIXED-20260615-V1","395","nairieberry","Global/ExcelOutputAsset/CrisisModeStageConfig.json","633","DEABBE47699FE38E8268443DFD016F26D87B6F4DBB6CEA89CCD5221349CBB94C"
"1","HI3-STAGE-HELPERS-MIXED-20260615-V1","396","nairieberry","Global/ExcelOutputAsset/CrisisModeStageGroupConfig.json","344","72D41E3A25E0DBAB59B918170526C2F907680A72FD97F9ECF57667524A4B4C99"
"1","HI3-STAGE-HELPERS-MIXED-20260615-V1","397","nairieberry","Global/ExcelOutputAsset/DLCLevelData.json","17636","B1A5EE7E1201698C571270621CD4B40E9D52115C9EEA7EBDBA23BA703FDD1872"
"1","HI3-STAGE-HELPERS-MIXED-20260615-V1","398","nairieberry","Global/ExcelOutputAsset/DLCLevelDiff.json","372","C50E300F1F3E58D755D5EA1F3901A6B29B67A5D4FCEE03D0268DE7E3608314D0"
"1","HI3-STAGE-HELPERS-MIXED-20260615-V1","399","nairieberry","Global/ExcelOutputAsset/DLCRecommendLevel.json","2235","5F34A789187035EC5FDCFB611C6C3B0645C8FD7D4F8E69C3A1D6BF7E9C16ED9D"
"1","HI3-STAGE-HELPERS-MIXED-20260615-V1","400","nairieberry","Global/ExcelOutputAsset/DLCSupportLevelData.json","433","8FD4B10FFA4EC9547DFDE57D157B327EDBDAA2CE9766EB10A0A29EFB594A236B"
"1","HI3-STAGE-HELPERS-MIXED-20260615-V1","401","nairieberry","Global/ExcelOutputAsset/DLCTalentLevelData.json","231759","46AA08E23CE11E1BB2D57BA818573B99D1BEDBBE8CA435F40AF707178DF4EB13"
"1","HI3-STAGE-HELPERS-MIXED-20260615-V1","402","nairieberry","Global/ExcelOutputAsset/DLCTowerMonster.json","1521","82CE44F899AF8DB2F70227527ACA2484AA6B05A0490C9B83B0540BFE37986A63"
"1","HI3-STAGE-HELPERS-MIXED-20260615-V1","403","nairieberry","Global/ExcelOutputAsset/DailyMPStageData.json","5658","721471620342A3BF10FE4704FBCB22CA679098D9AD01537C784F2523D64A5082"
"1","HI3-STAGE-HELPERS-MIXED-20260615-V1","404","nairieberry","Global/ExcelOutputAsset/Decrypted/StageData_Main.json","30600482","6AB32C175B399D89D035E9736D150760725DD4F85CC5BD9870C64093C51A7431"
"1","HI3-STAGE-HELPERS-MIXED-20260615-V1","405","nairieberry","Global/ExcelOutputAsset/ElfLevelData.json","4674","A20B1D687221C88BC3EF2599C3788743972666B10B77AD85931D1A9FB7C121D8"
"1","HI3-STAGE-HELPERS-MIXED-20260615-V1","406","nairieberry","Global/ExcelOutputAsset/ElfTalentLevelData.json","32919","100FB64F382692DA28E127A924088FF41B7E47092AD31B957219A02312969B45"
"1","HI3-STAGE-HELPERS-MIXED-20260615-V1","407","nairieberry","Global/ExcelOutputAsset/EliteStage.json","27283","7C654FA4A3024F2C22650E6080410FEDE74A6B46E5E563C2FA66C085E55F7F37"
"1","HI3-STAGE-HELPERS-MIXED-20260615-V1","408","nairieberry","Global/ExcelOutputAsset/EliteStageCompensation.json","33231","D85FF3BC9A162E3FCB8138BF4B1E0F86C3C2C7E3813C4FFD23638D622FD0251D"
"1","HI3-STAGE-HELPERS-MIXED-20260615-V1","409","nairieberry","Global/ExcelOutputAsset/EquipmentLevelData.json","39147","A1B63C9EF8596DAFD55A4B8C07F578054BA78946DF7C93F70A326CF26029C288"
"1","HI3-STAGE-HELPERS-MIXED-20260615-V1","410","nairieberry","Global/ExcelOutputAsset/ExBossLevelData.json","1743","E49D409A95C82201AA32C2A145AE7A6EB6FC93713B7C1FB58FD410842DD6A0D7"
"1","HI3-STAGE-HELPERS-MIXED-20260615-V1","411","nairieberry","Global/ExcelOutputAsset/ExBossMonsterData.json","1105304","A7895547AB5DAEEED4082BD442568B18111E5EFA2A69D479B5BCDE93BF33E883"
"1","HI3-STAGE-HELPERS-MIXED-20260615-V1","412","nairieberry","Global/ExcelOutputAsset/ExBossMonsterSchedule.json","61951","B7CEC4DF2FC5FC511CE6CB1491B5E928B3A6B56FC26B40F2C97E859F8FDC9610"
"1","HI3-STAGE-HELPERS-MIXED-20260615-V1","413","nairieberry","Global/ExcelOutputAsset/FarmLevel.json","934","64BCC45E5B561B7B19DDE271FAF405FA07C282F1A0992E9F0E0277743DD63C33"
"1","HI3-STAGE-HELPERS-MIXED-20260615-V1","414","nairieberry","Global/ExcelOutputAsset/FastPassLevel.json","10883","C1E2C94C68EC3CC4148066B835105823E5B43607B1C94745C79961C9C30B0EFA"
"1","HI3-STAGE-HELPERS-MIXED-20260615-V1","415","nairieberry","Global/ExcelOutputAsset/GeneralActivityStage.json","67469","B650EA088907627F8C727659C6E2CCA8C91125378CE60248C30A695EE97FEDAF"
"1","HI3-STAGE-HELPERS-MIXED-20260615-V1","416","nairieberry","Global/ExcelOutputAsset/GeneralActivityStageGroup.json","236375","09E269E656971C6238F5D438FD9C484DA96F2CD5267165AD78CB61CE821B585D"
"1","HI3-STAGE-HELPERS-MIXED-20260615-V1","417","nairieberry","Global/ExcelOutputAsset/GeneralActivityStageHomu.json","645","158923BE7F7260526DF60B5010EF376A1E404F862958C55BEC50AE9E9B027E9C"
"1","HI3-STAGE-HELPERS-MIXED-20260615-V1","418","nairieberry","Global/ExcelOutputAsset/GeneralActivityStageReward.json","2","4F53CDA18C2BAA0C0354BB5F9A3ECBE5ED12AB4D8E11BA873C2F11161202B945"
"1","HI3-STAGE-HELPERS-MIXED-20260615-V1","419","nairieberry","Global/ExcelOutputAsset/GlobalArmadaReunionLevel.json","6847","236E14F77ADDECEA145F03DAD83C65B4714A3A06057984876D7BCC487A7DDD75"
"1","HI3-STAGE-HELPERS-MIXED-20260615-V1","420","nairieberry","Global/ExcelOutputAsset/GlobalWarStage.json","28455","55C10A503E1D86E2E08BC93D80310A47FDED7B81E2D9552FB68C5463E0CE35FA"
"1","HI3-STAGE-HELPERS-MIXED-20260615-V1","421","nairieberry","Global/ExcelOutputAsset/GrandKeyLevel.json","10019","F2599A409A93C0CB21134B56DC937C9FFC2A238FF87EC2F7192873C45D718A28"
"1","HI3-STAGE-HELPERS-MIXED-20260615-V1","422","nairieberry","Global/ExcelOutputAsset/GratuityStage.json","45611","881DEDBF3EB8217564089E4D0A7D4AA9032ACAF3259A090C63E072880C3F96E3"
"1","HI3-STAGE-HELPERS-MIXED-20260615-V1","423","nairieberry","Global/ExcelOutputAsset/GratuityStageClass.json","18426","F1388DF69BB70FE41038A237FE8CD39F891A1A80F85BDE4E8CC8E95E9E860CA6"
"1","HI3-STAGE-HELPERS-MIXED-20260615-V1","424","nairieberry","Global/ExcelOutputAsset/InLevelDialog.json","334459","71EC1AA856D6628700707B4A878743E0322791A26343A8AC135AD75F3347FDDE"
"1","HI3-STAGE-HELPERS-MIXED-20260615-V1","425","nairieberry","Global/ExcelOutputAsset/KingdomsStage.json","71316","64F20E18A3466F254A488C3F08A067A7BDCC4CFCD02B5C84A677F8082B6A65AB"
"1","HI3-STAGE-HELPERS-MIXED-20260615-V1","426","nairieberry","Global/ExcelOutputAsset/KingdomsWarStageCurrency.json","3211","F2841EF87460540DA07286F7CFE63806CBEB519DF4D58F2496D4D76369844627"
"1","HI3-STAGE-HELPERS-MIXED-20260615-V1","427","nairieberry","Global/ExcelOutputAsset/LevelMatrixArmadaData.json","378","6AEF61D3273F5326B3608D7C91F91AC404A0281BF1273D02655AD6AF233228C6"
"1","HI3-STAGE-HELPERS-MIXED-20260615-V1","428","nairieberry","Global/ExcelOutputAsset/LevelMatrixBlockData.json","333","6652C3237FE7A1E7E28C9803A342BED893D900B20EA04BCB5005C9B5B128C786"
"1","HI3-STAGE-HELPERS-MIXED-20260615-V1","429","nairieberry","Global/ExcelOutputAsset/LevelMatrixBuffData.json","1704","62644E0B0EC97246CFF92DE80BDFA89B61CD7C12D50CF5162E8A93C2531CCDF6"
"1","HI3-STAGE-HELPERS-MIXED-20260615-V1","430","nairieberry","Global/ExcelOutputAsset/LevelMatrixEventDialog.json","4287","CA5F8DF2CB3C1ED1381B11A4B9390252E45CCF282AC17B8A2C34B1043CC68430"
"1","HI3-STAGE-HELPERS-MIXED-20260615-V1","431","nairieberry","Global/ExcelOutputAsset/LevelMatrixFloorData.json","771","F28A1480CCB599DCB2ABD33E00E6808F282221577CF638D2508D78C54419AD86"
"1","HI3-STAGE-HELPERS-MIXED-20260615-V1","432","nairieberry","Global/ExcelOutputAsset/LevelMatrixFloorRequirement.json","2","4F53CDA18C2BAA0C0354BB5F9A3ECBE5ED12AB4D8E11BA873C2F11161202B945"
"1","HI3-STAGE-HELPERS-MIXED-20260615-V1","433","nairieberry","Global/ExcelOutputAsset/LevelMatrixGoods.json","908","E99D4FF4FC6473DAC60144A505CD32BA1B15784571FF4669692CB7A81CF31DA7"
"1","HI3-STAGE-HELPERS-MIXED-20260615-V1","434","nairieberry","Global/ExcelOutputAsset/LevelMatrixGridIndex.json","40163","0BE8AD919214D93B540348B93B057CDD911E6CE391D26A84DBD462C92DE70257"
"1","HI3-STAGE-HELPERS-MIXED-20260615-V1","435","nairieberry","Global/ExcelOutputAsset/LevelMatrixLevelLogic.json","16122","65E969EAE524C2A6D74F0173677F3563010C0685C23CF3C60E558C34ABECBF87"
"1","HI3-STAGE-HELPERS-MIXED-20260615-V1","436","nairieberry","Global/ExcelOutputAsset/LevelMatrixMapInfo.json","536","8D03B98F34810061F37246DE019B46402AD2D2C5E2C0D487C668259ECA02B71D"
"1","HI3-STAGE-HELPERS-MIXED-20260615-V1","437","nairieberry","Global/ExcelOutputAsset/LevelMatrixMessage.json","585","FF8BCF8C1659FEB145F8DC3BCE022613D5CFF728BA4AF528299F32F2B5AF6981"
"1","HI3-STAGE-HELPERS-MIXED-20260615-V1","438","nairieberry","Global/ExcelOutputAsset/LevelMatrixMonsterData.json","32349","5275119C20139E6B631CFCAC1CD93CE3CD9C0913A95BE4A20F3B33F0D709E305"
"1","HI3-STAGE-HELPERS-MIXED-20260615-V1","439","nairieberry","Global/ExcelOutputAsset/LevelMatrixPresetData.json","25292","3E37B9383A553EEDDB6E18050B6C2DC82E285D1A7F23CAB2E99E9D377EB90E1F"
"1","HI3-STAGE-HELPERS-MIXED-20260615-V1","440","nairieberry","Global/ExcelOutputAsset/LevelMatrixSchedule.json","2","4F53CDA18C2BAA0C0354BB5F9A3ECBE5ED12AB4D8E11BA873C2F11161202B945"
"1","HI3-STAGE-HELPERS-MIXED-20260615-V1","441","nairieberry","Global/ExcelOutputAsset/LevelMatrixScoreBonus.json","10409","8D37603378B8D8C4E0F53C11C2052518307E174D57748821373774B1F109AB1F"
"1","HI3-STAGE-HELPERS-MIXED-20260615-V1","442","nairieberry","Global/ExcelOutputAsset/LevelMatrixSuddenEvent.json","17498","89A08957A60EF66049680B27FD6E7E183522875A050ADAE90AF8F0F509221BD4"
"1","HI3-STAGE-HELPERS-MIXED-20260615-V1","443","nairieberry","Global/ExcelOutputAsset/LevelMatrixTheme.json","3026","EDC61F8A64E22828B58996777FB3EC77E5EFCD7E48B03CB32D92313F3DA748DB"
"1","HI3-STAGE-HELPERS-MIXED-20260615-V1","444","nairieberry","Global/ExcelOutputAsset/LevelMatrixTreasureBox.json","1677","619352328A4A02AB753FE981598469E860C38C586A04B21DA74439712A863854"
"1","HI3-STAGE-HELPERS-MIXED-20260615-V1","445","nairieberry","Global/ExcelOutputAsset/LevelMatrixUseItem.json","1267","9B99A5D38F7B513C3A6E37B07CC58EA66C3AAB8EE23B86840D9C68D88DB06748"
"1","HI3-STAGE-HELPERS-MIXED-20260615-V1","446","nairieberry","Global/ExcelOutputAsset/LevelSave.json","4960","05DA862143326955E919C8C7010D9DFE228E0B15D061EA16321198A0BA81B23C"
"1","HI3-STAGE-HELPERS-MIXED-20260615-V1","447","nairieberry","Global/ExcelOutputAsset/LevelStatistics.json","249428","41A015BE765490674D25A65D1C68DE328E6FD6008971717249DCA7DC0A0890E5"
"1","HI3-STAGE-HELPERS-MIXED-20260615-V1","448","nairieberry","Global/ExcelOutputAsset/LevelTrialData.json","785143","031A2732E7AC50D67A4F0B4AB0A3D4B8460C11669A21A80F68D9768A293EAFDA"
"1","HI3-STAGE-HELPERS-MIXED-20260615-V1","449","nairieberry","Global/ExcelOutputAsset/MPLevel.json","25355","F6E346D4985380D675ED2DE039C960D23372F3E038BDD478AB02B70B12EAF1B1"
"1","HI3-STAGE-HELPERS-MIXED-20260615-V1","450","nairieberry","Global/ExcelOutputAsset/MPStageBuff.json","720","F5CEE4F8DB8DF211030392D17A3DE7FACFAE71CE408CB48FF75EE88E104DC327"
"1","HI3-STAGE-HELPERS-MIXED-20260615-V1","451","nairieberry","Global/ExcelOutputAsset/MPStageData.json","912571","20989961A07BD49AA5A5E8E4831CB7A70075C129BEE15EF846C3462429CE30FD"
"1","HI3-STAGE-HELPERS-MIXED-20260615-V1","452","nairieberry","Global/ExcelOutputAsset/MPStagePlayerLevelDrop.json","7138","E1F061F1E1F136DEFE58260A559CC3AB84A9852DC934F491217F4EF9A37C2CCC"
"1","HI3-STAGE-HELPERS-MIXED-20260615-V1","453","nairieberry","Global/ExcelOutputAsset/MainstageEvent.json","11013","1EE8ABB5D818572A33904F00D7BF4BBFD96B7581094600D0DF9198D873DFA99F"
"1","HI3-STAGE-HELPERS-MIXED-20260615-V1","454","nairieberry","Global/ExcelOutputAsset/MapLevelData.json","12352","CA9FFFF33AE591AF1B1EAFEAE397218FA799837F8EB9F8BC06DE976ED8F1EB01"
"1","HI3-STAGE-HELPERS-MIXED-20260615-V1","455","nairieberry","Global/ExcelOutputAsset/MapSiteQualityConfig.json","1399","FD3D1D578D2E9F3E5AFBB07A102A0D986935E9CC9E85AEFA45B27F9E33F17E86"
"1","HI3-STAGE-HELPERS-MIXED-20260615-V1","456","nairieberry","Global/ExcelOutputAsset/MapSiteScheduleData.json","8742","90DBE3410DCB32AA82CE4F79EAB0451D4FDF8572C61CAC562F66E5D1A1DED909"
"1","HI3-STAGE-HELPERS-MIXED-20260615-V1","457","nairieberry","Global/ExcelOutputAsset/MapSiteStageData.json","50115","086B4FE9CA55A6D24F5F7238240C557B8AEA5F3D123F7E591179E25D6C9133FD"
"1","HI3-STAGE-HELPERS-MIXED-20260615-V1","458","nairieberry","Global/ExcelOutputAsset/MassiveWarMonsterData.json","1731","2FCCFFCFBBD720F1D20F59740186C9F6AB2EFE367ACEE6ADF67978E80E36DB3B"
"1","HI3-STAGE-HELPERS-MIXED-20260615-V1","459","nairieberry","Global/ExcelOutputAsset/MassiveWarStage.json","3171","41E7FE71FC0562F9DAAF891F97441746D20A124CF6D3928E4DA7613E6BD758D9"
"1","HI3-STAGE-HELPERS-MIXED-20260615-V1","460","nairieberry","Global/ExcelOutputAsset/MassiveWarStageInfo.json","939","8D45194B596025D7E2F36D458C033022FF98BF8849C629F927CE4585FCBDBC45"
"1","HI3-STAGE-HELPERS-MIXED-20260615-V1","461","nairieberry","Global/ExcelOutputAsset/MentorFameLevelData.json","1934","68697A8E72F8CA02FF7D3D8B46A3077B40289931F716D06E904822A4082F6309"
"1","HI3-STAGE-HELPERS-MIXED-20260615-V1","462","nairieberry","Global/ExcelOutputAsset/MiniBossExamHardStageData.json","14921","B818F1DE01B11BFDF9300A8229925EDA90C64398A1DDE3DF444B0FDDA826EC78"
"1","HI3-STAGE-HELPERS-MIXED-20260615-V1","463","nairieberry","Global/ExcelOutputAsset/MiniSkyFire_Stage.json","6294","31C626874C5A2AD0E9AECF509659930C67A39FC10429EBB505F860E0E19A87D3"
"1","HI3-STAGE-HELPERS-MIXED-20260615-V1","464","nairieberry","Global/ExcelOutputAsset/MonopolyLevelInfo.json","186186","D56387C77295D96AC82A3033776E12A7D5DB99BCF46DC2B2924E95712735A201"
"1","HI3-STAGE-HELPERS-MIXED-20260615-V1","465","nairieberry","Global/ExcelOutputAsset/MonsterConfigData.json","279349","B4595EE27C035531A33E039B1EFF875373FD1413F483B0D267D63C2FC6D4C104"
"1","HI3-STAGE-HELPERS-MIXED-20260615-V1","466","nairieberry","Global/ExcelOutputAsset/MonsterResistance.json","50191","82CED73BDD4CD511D6BAAFB70C21447E94D294B64941C975540F19E6F8ED5FE2"
"1","HI3-STAGE-HELPERS-MIXED-20260615-V1","467","nairieberry","Global/ExcelOutputAsset/MonsterWikiData.json","24018","4FCDEC0A222F3FD24873CD8F7C2C81F1837CFB01B496EDB8B0892F5DBDE91FD8"
"1","HI3-STAGE-HELPERS-MIXED-20260615-V1","468","nairieberry","Global/ExcelOutputAsset/MonsterWikiDescConfig.json","47911","5DF3F6851728F6F213E523E1D90BA05FE573D4D6917DEDD34087BC39432D032F"
"1","HI3-STAGE-HELPERS-MIXED-20260615-V1","469","nairieberry","Global/ExcelOutputAsset/MonsterWikiPage.json","932","81D851CD662FFF6108EC3A2A7C9111FE26D3F03BC25F42EC04CD5B4053124A96"
"1","HI3-STAGE-HELPERS-MIXED-20260615-V1","470","nairieberry","Global/ExcelOutputAsset/NPCLevelLogic.json","2118840","AC76C9C24E09A5421C7E6C53F2B0D637E3546CF2804B17F057167317F39B8D4E"
"1","HI3-STAGE-HELPERS-MIXED-20260615-V1","471","nairieberry","Global/ExcelOutputAsset/NewbieActivityLevelReward.json","23741","E8289DE4A92A5E2402CDF798838D105D9CE056529D9FE2236DCB8D87D63CC3F8"
"1","HI3-STAGE-HELPERS-MIXED-20260615-V1","472","nairieberry","Global/ExcelOutputAsset/NewbieActivityStageMission.json","39265","8E8E9442BD5C057B50C53BB38320EB0D09B10039AE6A04611688182BFE7F331C"
"1","HI3-STAGE-HELPERS-MIXED-20260615-V1","473","nairieberry","Global/ExcelOutputAsset/NinjaSlotLevel.json","12195","E193E6F6B9B758B4FA7CF7E53126414D3FE8BA50DC3C9C913AE3A523FB815C6C"
"1","HI3-STAGE-HELPERS-MIXED-20260615-V1","474","nairieberry","Global/ExcelOutputAsset/OVOStageEffect.json","2","4F53CDA18C2BAA0C0354BB5F9A3ECBE5ED12AB4D8E11BA873C2F11161202B945"
"1","HI3-STAGE-HELPERS-MIXED-20260615-V1","475","nairieberry","Global/ExcelOutputAsset/OVOStageRobot.json","1456","AE0EE466A60CB0433A1125F011228B5F2993C7393629AB3CEC7E664DF77DCFE6"
"1","HI3-STAGE-HELPERS-MIXED-20260615-V1","476","nairieberry","Global/ExcelOutputAsset/OWActivityLevelData.json","1634","A196F66B13602AB7B92E83D1A86638FB7939B2E43BF3D54981F117C3C6342070"
"1","HI3-STAGE-HELPERS-MIXED-20260615-V1","477","nairieberry","Global/ExcelOutputAsset/OWEndlessMonsterData.json","462391","2AAA5A269A17BDE103C2064A528DAEA3FEBD3614FE5EE3530A11D7C7E7DA56C8"
"1","HI3-STAGE-HELPERS-MIXED-20260615-V1","478","nairieberry","Global/ExcelOutputAsset/OWEndlessMonsterGroupScore.json","144495","6303A39BDD67ECFB6C0D8429B26877C114A979165416AB185D0407887032E624"
"1","HI3-STAGE-HELPERS-MIXED-20260615-V1","479","nairieberry","Global/ExcelOutputAsset/OWEndlessMonsterInitType.json","242904","A578E75494B40147EBEA24D157C1B418B7672C68BD50749D9BE85B3F6A970937"
"1","HI3-STAGE-HELPERS-MIXED-20260615-V1","480","nairieberry","Global/ExcelOutputAsset/OWEndlessSingleModeStage.json","780","0DB024D2E9C834B230C07DF71CC8B1500EFA513237C0B95D0EC4D91A7D896C78"
"1","HI3-STAGE-HELPERS-MIXED-20260615-V1","481","nairieberry","Global/ExcelOutputAsset/OWEndlessSingleMonsterGroup.json","4210","A3E187865C1FE179435654839B66BF3B2C4461384D8799261BE07DD90AC72ABF"
"1","HI3-STAGE-HELPERS-MIXED-20260615-V1","482","nairieberry","Global/ExcelOutputAsset/OpenWorldDestinyLevelDiff.json","384","275B42CCF22C14365812EBA34C8F3AFF01F0BA666BEB2CA573C3588AF459CD04"
"1","HI3-STAGE-HELPERS-MIXED-20260615-V1","483","nairieberry","Global/ExcelOutputAsset/OpenWorldQuestLevelData.json","5235","A5C65CD7B1F2F16F8D78E937E42D72214DDE8188824C0DC5C499F6201DB01486"
"1","HI3-STAGE-HELPERS-MIXED-20260615-V1","484","nairieberry","Global/ExcelOutputAsset/OpenWorldQuestMapLevel.json","26178","C88F20121E77E3A0941F878E448A827F0595A39144FDCDE636B2918608C6A443"
"1","HI3-STAGE-HELPERS-MIXED-20260615-V1","485","nairieberry","Global/ExcelOutputAsset/OpenWorldQuestMonsterPower.json","5056","40FD026549D2076574C5A84089C0ECE1FC8A8F483FF3690BA411C425A3F93F23"
"1","HI3-STAGE-HELPERS-MIXED-20260615-V1","486","nairieberry","Global/ExcelOutputAsset/PlayerLevelData.json","20246","B337E81174765D7632E76226E9E95393A9D2C71A6B239072D25BB8D13F41A7B1"
"1","HI3-STAGE-HELPERS-MIXED-20260615-V1","487","nairieberry","Global/ExcelOutputAsset/PlayerLevelLock.json","1903","0C51DCD218CCEBCCFAB37CA41EB8BD010B206BD39590B7A632965491348DAD20"
"1","HI3-STAGE-HELPERS-MIXED-20260615-V1","488","nairieberry","Global/ExcelOutputAsset/QTEndlessMonsterData.json","93111","4C805DD9FDDDA8AD50EDA1CDF770D19BAE47F2B20D74614E83D4179CBBF387C3"
"1","HI3-STAGE-HELPERS-MIXED-20260615-V1","489","nairieberry","Global/ExcelOutputAsset/QTEndlessMonsterWave.json","70620","A0B001330CC2BA3355E4F53E002673BDA5B7E76D0D66913A10E1F803293BFBD1"
"1","HI3-STAGE-HELPERS-MIXED-20260615-V1","490","nairieberry","Global/ExcelOutputAsset/RandomEffectLevel.json","4872","DEB95503175FB917682FC5271C51C2E3D223A72F89FB77B58171A15BDE8E06AF"
"1","HI3-STAGE-HELPERS-MIXED-20260615-V1","491","nairieberry","Global/ExcelOutputAsset/ReclaimEventLevel.json","11576","8AC33FB6D1CB1485FC4225B6701A1BF7211F650EC493E10415F2B9995381EA98"
"1","HI3-STAGE-HELPERS-MIXED-20260615-V1","492","nairieberry","Global/ExcelOutputAsset/ReclaimEventStageList.json","6692","90F5525FF1B722455D1A4D36E6A56A8801A38C69609AC4AF18A9470859F4C386"
"1","HI3-STAGE-HELPERS-MIXED-20260615-V1","493","nairieberry","Global/ExcelOutputAsset/RelationStageBonusDrop.json","8865","7E74729AC412A06B5B55919BF504C3EFF15BB94C88EB8A9C2E110FA74F9F9D8D"
"1","HI3-STAGE-HELPERS-MIXED-20260615-V1","494","nairieberry","Global/ExcelOutputAsset/RestrictExtend_Stage.json","15053","43AC1F8CAE2B8CA417D26F631914B0B749D5C85D23227D54E8C28B241695B10C"
"1","HI3-STAGE-HELPERS-MIXED-20260615-V1","495","nairieberry","Global/ExcelOutputAsset/ReunionCookStage.json","2043","29D61CF15BF1A65F4447F16618F7720FEC3795467A540FC9BEB184316774D9A3"
"1","HI3-STAGE-HELPERS-MIXED-20260615-V1","496","nairieberry","Global/ExcelOutputAsset/RichMonsterInfo.json","29102","6454F14CFB14E24C9993380CE5289B322574EDA8EE55D186CBA06AFBAA838F5A"
"1","HI3-STAGE-HELPERS-MIXED-20260615-V1","497","nairieberry","Global/ExcelOutputAsset/RogueStageAvatarPosData.json","594","64ADA46BAD4B333EF28F7C62697F1E4C5D48149A3C106C9C109D5C2602024748"
"1","HI3-STAGE-HELPERS-MIXED-20260615-V1","498","nairieberry","Global/ExcelOutputAsset/RogueStageData.json","270924","7FC6C849634D17D27C2F9A89E16B4B2F8721B0DEF03788377C53B510BD55325C"
"1","HI3-STAGE-HELPERS-MIXED-20260615-V1","499","nairieberry","Global/ExcelOutputAsset/RogueStageDebuffData.json","1888","EA636910D157F841ACD6C1E5B5A674FEF6074B3BF69D63E5B441F8940A7B3BFD"
"1","HI3-STAGE-HELPERS-MIXED-20260615-V1","500","nairieberry","Global/ExcelOutputAsset/RogueStageHardLevelData.json","452","D6B85FFDB31FB15283A60ACC6DEDC241FDA3E4358D895B1D9AABDB04504A281D"
"1","HI3-STAGE-HELPERS-MIXED-20260615-V1","501","nairieberry","Global/ExcelOutputAsset/RogueStageLuaData.json","2625","74BB2C56E2F89CED046ADA1733D30D38C1F3E658AB594202C7FD9464186F263D"
"1","HI3-STAGE-HELPERS-MIXED-20260615-V1","502","nairieberry","Global/ExcelOutputAsset/RogueTowerStage.json","75954","797ACB02E7F34EA7E4A10665BAB16EAB0FA51371A46037D6C68DF9B04EF3ADD9"
"1","HI3-STAGE-HELPERS-MIXED-20260615-V1","503","nairieberry","Global/ExcelOutputAsset/RpgLevelProgress.json","2526","BD4E4C7502DC955396B4F03C285834A6DBC919132FAD6966BEB0C2CC08DBDF9A"
"1","HI3-STAGE-HELPERS-MIXED-20260615-V1","504","nairieberry","Global/ExcelOutputAsset/RpgStageDrop.json","21537","48CF9B5F3D8B698EC70F3AA120001EF13C2A5F19F74CCBAF62C850385DB17832"
"1","HI3-STAGE-HELPERS-MIXED-20260615-V1","505","nairieberry","Global/ExcelOutputAsset/RpgStageScore.json","401259","306580749FA92C03323190EBE0FB1EAE6C6F392BDDF53FE7AE1CB5DC18A00FC2"
"1","HI3-STAGE-HELPERS-MIXED-20260615-V1","506","nairieberry","Global/ExcelOutputAsset/RpgTaleStageEnterTimes.json","2646","B705511D32BEA08360D0A4094B1FFEDB98E77C0A1D8486A8FE44F5DDAFC7E47C"
"1","HI3-STAGE-HELPERS-MIXED-20260615-V1","507","nairieberry","Global/ExcelOutputAsset/SanctuaryBuildingLevel.json","2","4F53CDA18C2BAA0C0354BB5F9A3ECBE5ED12AB4D8E11BA873C2F11161202B945"
"1","HI3-STAGE-HELPERS-MIXED-20260615-V1","508","nairieberry","Global/ExcelOutputAsset/SanctuaryStageConfig.json","17097","6F58C4EC254F0824C5CEA708162D835FB937AB2DFDF67136FFF12C629CBF0355"
"1","HI3-STAGE-HELPERS-MIXED-20260615-V1","509","nairieberry","Global/ExcelOutputAsset/SingleRaidStepStage.json","6083","53D81E2181F2396B3EAD7DE8C0EAA31A72D8B350AA06032044B2877DA11A879D"
"1","HI3-STAGE-HELPERS-MIXED-20260615-V1","510","nairieberry","Global/ExcelOutputAsset/StageChallengeData.json","157111","8E6089ADBEF12CB2EAD6A2519E311232DDC4310AB050DB24E9BBFFB55943A58F"
"1","HI3-STAGE-HELPERS-MIXED-20260615-V1","511","nairieberry","Global/ExcelOutputAsset/StageDamageStatistics.json","10608","DDEF2D45C702DDE1A458BF2DDC1B11080780B5FB54871F48D6BA04D44831717D"
"1","HI3-STAGE-HELPERS-MIXED-20260615-V1","512","nairieberry","Global/ExcelOutputAsset/StageData_Story.json","11032","DD8B1B9E463DB2F3EA51526973FF645BCC8617B4C52C1DFDCEBADDADE95969DE"
"1","HI3-STAGE-HELPERS-MIXED-20260615-V1","513","nairieberry","Global/ExcelOutputAsset/StageData_StoryMapped.json","4402","A1776A59F0BFA4B41B0880D034B641F00FF5877295D580977F27EE9795205375"
"1","HI3-STAGE-HELPERS-MIXED-20260615-V1","514","nairieberry","Global/ExcelOutputAsset/StageDetail.json","1989624","B0A16C261BAA36ED2203B5B2BBE283B82C454E546FB13BED55238401B3EADAD7"
"1","HI3-STAGE-HELPERS-MIXED-20260615-V1","515","nairieberry","Global/ExcelOutputAsset/StageDetailLayout.json","14671","C603F85359C3434C39285C93D2F59262C94B04006EA4B0374B45043750E2892F"
"1","HI3-STAGE-HELPERS-MIXED-20260615-V1","516","nairieberry","Global/ExcelOutputAsset/StageDetail_Ability.json","295910","A9CF126B7F3F087F11CD8E7A1B7BBE0217020B3342BFAABC835864A64C67955D"
"1","HI3-STAGE-HELPERS-MIXED-20260615-V1","517","nairieberry","Global/ExcelOutputAsset/StageDetail_AccumuatorGauge.json","613","8AB8BB241050F1F327FD545AE3D276BAE7AF0CB85922A560459B7837A18B00F3"
"1","HI3-STAGE-HELPERS-MIXED-20260615-V1","518","nairieberry","Global/ExcelOutputAsset/StageDetail_Effect.json","238970","8A9E4FCB124AE4687C36119A3CFE4F76D1F12C7966057BEC943E697D37ABFFB8"
"1","HI3-STAGE-HELPERS-MIXED-20260615-V1","519","nairieberry","Global/ExcelOutputAsset/StageDetail_Monster.json","524547","7F97970D51368B3F7DA3C54625710F0F82F35FDC705DBEDE5D58F0051E2F68EC"
"1","HI3-STAGE-HELPERS-MIXED-20260615-V1","520","nairieberry","Global/ExcelOutputAsset/StageDetail_Monster_Resist.json","6722","0064A5C23C760C1948E4992E0D4AA4E995038A5684D61A7E5B7FC56862BCE10B"
"1","HI3-STAGE-HELPERS-MIXED-20260615-V1","521","nairieberry","Global/ExcelOutputAsset/StageDetail_Nature.json","492","B980841C3B023A10CF41E135115B9EFA5F141561D89843440EDEAEDC0E45A926"
"1","HI3-STAGE-HELPERS-MIXED-20260615-V1","522","nairieberry","Global/ExcelOutputAsset/StageDetail_SkillType.json","3738","1CCAFC8D5DEDCB9670DFE1CA4420E26AD9390C33390295FF362AC0D10F2E2BCD"
"1","HI3-STAGE-HELPERS-MIXED-20260615-V1","523","nairieberry","Global/ExcelOutputAsset/StageDialogData.json","271142","0D08B4B5A43AD7A6D0945DB47119957F26E230B57485BA3F349829C605380730"
"1","HI3-STAGE-HELPERS-MIXED-20260615-V1","524","nairieberry","Global/ExcelOutputAsset/StageDropItemData.json","488270","C3459965DCC4FD2EF40175519ED202D5258A0BE82FE88C9FE8ADD01B2ED1DACD"
"1","HI3-STAGE-HELPERS-MIXED-20260615-V1","525","nairieberry","Global/ExcelOutputAsset/StageEffectCarryOn.json","2145","9CC366E981FAA75A013C107C54AD52DFD90C964092A8235F02AE6428594AE9FD"
"1","HI3-STAGE-HELPERS-MIXED-20260615-V1","526","nairieberry","Global/ExcelOutputAsset/StageEnhanceData.json","17115","B3B6E5663896121CF6F3C3AB50ED96433D410491857154260948EFDF2D5AD319"
"1","HI3-STAGE-HELPERS-MIXED-20260615-V1","527","nairieberry","Global/ExcelOutputAsset/StageLiveRecommend.json","18363","C2C0C2AADE1FA7A4261541DF971F0A4BD7A1EFBAC2BBFB205A58BC1E459BAD5D"
"1","HI3-STAGE-HELPERS-MIXED-20260615-V1","528","nairieberry","Global/ExcelOutputAsset/StageMaxScoreData.json","54922","DB23D3FE58323BAE046045A9F7D6CBCE56E7CC98AD1ED4E090B1690F6FB8DB2C"
"1","HI3-STAGE-HELPERS-MIXED-20260615-V1","529","nairieberry","Global/ExcelOutputAsset/StageMessage.json","3822","21F089F5FDFB657B032ABD329A9C21EA67377FE2B2FF5ACFDC5F645D026D64DE"
"1","HI3-STAGE-HELPERS-MIXED-20260615-V1","530","nairieberry","Global/ExcelOutputAsset/StageMultiTeamData.json","5825","05BF75C2EB786013AC1D7831F819BB123D6E8A0F8188C6CA0B97DAA06CFBF347"
"1","HI3-STAGE-HELPERS-MIXED-20260615-V1","531","nairieberry","Global/ExcelOutputAsset/StagePhoto.json","1590","A0376B65DC8D57B1D1A5369B8563CE0790932A575A4554744A78C0E7AB744A72"
"1","HI3-STAGE-HELPERS-MIXED-20260615-V1","532","nairieberry","Global/ExcelOutputAsset/StageQAvatar.json","2856","ED60AFD2D9B50A83909CC627EEF05468F79FC3CC664F76A015EA257AF391E753"
"1","HI3-STAGE-HELPERS-MIXED-20260615-V1","533","nairieberry","Global/ExcelOutputAsset/StageRandomEffect.json","3803","8B36D95F28C2F83176DF692EC77E33D7844146C40B1AD0E57D4D065A8B6C584E"
"1","HI3-STAGE-HELPERS-MIXED-20260615-V1","534","nairieberry","Global/ExcelOutputAsset/StageRankConfig.json","267","95BF12A5F2B86454D0F58DCA76C4D4772392D15C1641FB64E7A1050C8F1D49EE"
"1","HI3-STAGE-HELPERS-MIXED-20260615-V1","535","nairieberry","Global/ExcelOutputAsset/StageRankGroupConfig.json","137","4730D215EC36F3A72DB267B9F46F6572C41D0DA92BEF4939EC5BE6FA1F0CFC83"
"1","HI3-STAGE-HELPERS-MIXED-20260615-V1","536","nairieberry","Global/ExcelOutputAsset/StageReChanllenge.json","46594","598B1E79F0A0502B37D944B0F62DFF01A6221465F5EAF769130418E2ACD48DBA"
"1","HI3-STAGE-HELPERS-MIXED-20260615-V1","537","nairieberry","Global/ExcelOutputAsset/StageResetCostData.json","25040","5F54D7BF5F9A46509A0FDCC2F7B4CADCB73762129A962A6ADACBE8B2104A9387"
"1","HI3-STAGE-HELPERS-MIXED-20260615-V1","538","nairieberry","Global/ExcelOutputAsset/StageResistanceData.json","3019","2F1DE4A1986076907923A20484E6B30893700368390EEED54FDED400B0CE17D0"
"1","HI3-STAGE-HELPERS-MIXED-20260615-V1","539","nairieberry","Global/ExcelOutputAsset/StageRestrictData.json","146974","67316F55A633C2AA8439DDE4C743EC983FA391D95869C320E742238A81095C80"
"1","HI3-STAGE-HELPERS-MIXED-20260615-V1","540","nairieberry","Global/ExcelOutputAsset/StageRestrictExtend.json","28968","AD10037B58100A33D0D0D7857E076EE689EB0694D950C6C82F12C756D6294D8C"
"1","HI3-STAGE-HELPERS-MIXED-20260615-V1","541","nairieberry","Global/ExcelOutputAsset/StageReviveCostData.json","3112","614C2B84A1119793D6347515601AF675EA58C8F4BF0CEB08560C3175A1AD4683"
"1","HI3-STAGE-HELPERS-MIXED-20260615-V1","542","nairieberry","Global/ExcelOutputAsset/StageScoreReward.json","2075003","3F4E346CE3D0E0396DA4446A6E21A9407627F5F0D5611F50211A50901743556A"
"1","HI3-STAGE-HELPERS-MIXED-20260615-V1","543","nairieberry","Global/ExcelOutputAsset/StageScoreRewardDisplay.json","658","54F4A34B7F2ED7DEABE59CD4E2BD7BBC308768D0BDCB7A1F005BA20046026647"
"1","HI3-STAGE-HELPERS-MIXED-20260615-V1","544","nairieberry","Global/ExcelOutputAsset/StageTutorialData.json","1019","C937749D81466A01C5A2D527F584D831A4A9836441CA6E0E7EEF621A659BA61E"
"1","HI3-STAGE-HELPERS-MIXED-20260615-V1","545","nairieberry","Global/ExcelOutputAsset/StageTypeData.json","4729","AF95494A4DF38AE9C26245F3436CE1A378F2C4AF0F94C2B7F66DC54EB6C934F8"
"1","HI3-STAGE-HELPERS-MIXED-20260615-V1","546","nairieberry","Global/ExcelOutputAsset/TVTCardLevel.json","2","4F53CDA18C2BAA0C0354BB5F9A3ECBE5ED12AB4D8E11BA873C2F11161202B945"
"1","HI3-STAGE-HELPERS-MIXED-20260615-V1","547","nairieberry","Global/ExcelOutputAsset/TVTInLevelInteraction.json","827","3CFDDFBF7B532E8E456B44AFAFBD3936054C5709D77DF593FA831938FE44FE49"
"1","HI3-STAGE-HELPERS-MIXED-20260615-V1","548","nairieberry","Global/ExcelOutputAsset/TVTStage.json","2","4F53CDA18C2BAA0C0354BB5F9A3ECBE5ED12AB4D8E11BA873C2F11161202B945"
"1","HI3-STAGE-HELPERS-MIXED-20260615-V1","549","nairieberry","Global/ExcelOutputAsset/ThemeData_Stage.json","4096","96ACBBBE407233D16677897F65D3734DB6557AFC02DE5E5F36B37F18FCE50E76"
"1","HI3-STAGE-HELPERS-MIXED-20260615-V1","550","nairieberry","Global/ExcelOutputAsset/TouchLevelData.json","863","8C13A5CB1C8CC9C28CC2CDC7B6D55B492FB6BD3A145D069508B59A2BAA95E88F"
"1","HI3-STAGE-HELPERS-MIXED-20260615-V1","551","nairieberry","Global/ExcelOutputAsset/TowerRaidStage.json","14641","08B4593546DF44544D7FEDBCCBEE4FCDB5C67789A1788C0BFAC96207FA3E7414"
"1","HI3-STAGE-HELPERS-MIXED-20260615-V1","552","nairieberry","Global/ExcelOutputAsset/TowerStageConfig.json","127818","F1D75A4516AAA306A2742FBEED4EE77A9EB1AF52C8E5044C5D1F3BFF0E11D45F"
"1","HI3-STAGE-HELPERS-MIXED-20260615-V1","553","nairieberry","Global/ExcelOutputAsset/TrainingLevelAchieve.json","2","4F53CDA18C2BAA0C0354BB5F9A3ECBE5ED12AB4D8E11BA873C2F11161202B945"
"1","HI3-STAGE-HELPERS-MIXED-20260615-V1","554","nairieberry","Global/ExcelOutputAsset/TrainingLevelData.json","2","4F53CDA18C2BAA0C0354BB5F9A3ECBE5ED12AB4D8E11BA873C2F11161202B945"
"1","HI3-STAGE-HELPERS-MIXED-20260615-V1","555","nairieberry","Global/ExcelOutputAsset/UltraEndlessStage.json","6096","372F0AB482E0BCE203571FFDA597BB70BC05A96E1A15574D74789907D2F022DA"
"1","HI3-STAGE-HELPERS-MIXED-20260615-V1","556","nairieberry","Global/ExcelOutputAsset/UniqueMonsterData.json","2924954","DBDCE5F24FDA5DB967239DE2029F80067AED76DEA4A40BF59B3CD3D8C1F9DF2B"
"1","HI3-STAGE-HELPERS-MIXED-20260615-V1","557","nairieberry","Global/ExcelOutputAsset/VirtualCustomLevelData.json","47571","F71312E6ED92CE5C8F9F6582745D1D1DE18F6C79549B3A65C398AF3CA2D09915"
"1","HI3-STAGE-HELPERS-MIXED-20260615-V1","558","nairieberry","Global/ExcelOutputAsset/VirtualTrainStageDrop.json","4383","6A7ABE9B7FDDBD25E65E4FD1A8EBBC3FCE8088706C6B04DA858CB44B30B77F88"
"1","HI3-STAGE-HELPERS-MIXED-20260615-V1","559","nairieberry","Global/ExcelOutputAsset/WantedStageData.json","10495","1FA39184130C8A465A71A3901CD4A3D0203EEB2B956B7911405858156783B1FB"
"1","HI3-STAGE-HELPERS-MIXED-20260615-V1","560","nairieberry","SEA/ExcelOutputAsset/ActivityChargeLevel.json","23557","0C6D9397318F05F84356AA9542F3BB33D6C89FA7D0E72FC90079B5921E46DF57"
"1","HI3-STAGE-HELPERS-MIXED-20260615-V1","561","nairieberry","SEA/ExcelOutputAsset/ActivityStageRank.json","3432","99A99E9AF22429CF8862BCA5A755AFC04768F3C857204A484DB45D4B98097A17"
"1","HI3-STAGE-HELPERS-MIXED-20260615-V1","562","nairieberry","SEA/ExcelOutputAsset/AdventureAvatarSkillLevel.json","7478","A71D2E1FCDEB2C34C476FF96441B888C050C7FC4814A665428C0CE0CE0987A42"
"1","HI3-STAGE-HELPERS-MIXED-20260615-V1","563","nairieberry","SEA/ExcelOutputAsset/AffinityTotalLevelReward.json","2","4F53CDA18C2BAA0C0354BB5F9A3ECBE5ED12AB4D8E11BA873C2F11161202B945"
"1","HI3-STAGE-HELPERS-MIXED-20260615-V1","564","nairieberry","SEA/ExcelOutputAsset/Affix_TitleLevel.json","5267","6494C49FA19F95C34E20D383E55BB257200E4E991F2617A1DD86ED4C7D721A01"
"1","HI3-STAGE-HELPERS-MIXED-20260615-V1","565","nairieberry","SEA/ExcelOutputAsset/ArmadaReunionLevel.json","14599","BCC66D72ED1404D57A8B5373864A2C68C72CEEB1031D29137DCC79CC0C78497D"
"1","HI3-STAGE-HELPERS-MIXED-20260615-V1","566","nairieberry","SEA/ExcelOutputAsset/ArmadaStageBossData.json","2","4F53CDA18C2BAA0C0354BB5F9A3ECBE5ED12AB4D8E11BA873C2F11161202B945"
"1","HI3-STAGE-HELPERS-MIXED-20260615-V1","567","nairieberry","SEA/ExcelOutputAsset/ArmadaStageHardData.json","23530","FCB3C5347DAD9E97616AB88F079B82720E40D3DA88EEB0F941DCB8E93345710F"
"1","HI3-STAGE-HELPERS-MIXED-20260615-V1","568","nairieberry","SEA/ExcelOutputAsset/AvatarArtifactLevel.json","12759","CBBF893E90849F2F3F1C1AE0525488D96819C94455DE8AAE0735CCFF8EB18339"
"1","HI3-STAGE-HELPERS-MIXED-20260615-V1","569","nairieberry","SEA/ExcelOutputAsset/AvatarLevelData.json","11781","B145AAF6FF2E467840BF402A07F9C15BD05D5F697CFABCC81D5F09D228C367BA"
"1","HI3-STAGE-HELPERS-MIXED-20260615-V1","570","nairieberry","SEA/ExcelOutputAsset/AvatarSubSkillLevelDataV2.json","27734","08435097CECF2D440EEC900573A734749BCFD801DFCE068ED5B4EB5B658BA6AC"
"1","HI3-STAGE-HELPERS-MIXED-20260615-V1","571","nairieberry","SEA/ExcelOutputAsset/BattlePassSeasonLevelConfig.json","243204","74A49B4F0A4F59B049C13DC36EF0B8EC6D409394297AF63C03A9971A13DACD10"
"1","HI3-STAGE-HELPERS-MIXED-20260615-V1","572","nairieberry","SEA/ExcelOutputAsset/BattlePassThemeLevelConfig.json","15464","97E289C37105E9DCBB566A9BD50E7B4F242DE739733EFA5638118FA4C931E268"
"1","HI3-STAGE-HELPERS-MIXED-20260615-V1","573","nairieberry","SEA/ExcelOutputAsset/BbqLevel.json","404","85CA11ACB8BBA27EF8514387643CB7115D642812E23CC7808A3CF0C875F9418A"
"1","HI3-STAGE-HELPERS-MIXED-20260615-V1","574","nairieberry","SEA/ExcelOutputAsset/BeastStage.json","4605","CF37D30CE3F6AB8A31AA0272BB890526255D866AF959B39EBFB32F26098A522E"
"1","HI3-STAGE-HELPERS-MIXED-20260615-V1","575","nairieberry","SEA/ExcelOutputAsset/BeastStageDisplay.json","19506","2E4C60F78B989ECF5C289665238B865E44A14DEB04B99955661411D6D796269D"
"1","HI3-STAGE-HELPERS-MIXED-20260615-V1","576","nairieberry","SEA/ExcelOutputAsset/ChallengeWarStageData.json","20509","B1A6DE1CEBCD64F61AF3ACE1AD1A22BC59A88207589BECF6CA3A0B02BD4E811C"
"1","HI3-STAGE-HELPERS-MIXED-20260615-V1","577","nairieberry","SEA/ExcelOutputAsset/ChallengeWarStageFloor.json","2775","39E9E769A2396C87DDDC54493C3C30C5D8533E5FAC2543EA2445534E4261367A"
"1","HI3-STAGE-HELPERS-MIXED-20260615-V1","578","nairieberry","SEA/ExcelOutputAsset/ChapterActivityStage.json","76764","5E38F77ED8194AE837E773B72A1837844A4FD956FF133FEF664739CFA3B1CEE3"
"1","HI3-STAGE-HELPERS-MIXED-20260615-V1","579","nairieberry","SEA/ExcelOutputAsset/ChapterCultivateLevelData.json","25310","8551305EB2DDE4406C3AF12F9A55556A6455E67C51008FE677EA565EBDDD4799"
"1","HI3-STAGE-HELPERS-MIXED-20260615-V1","580","nairieberry","SEA/ExcelOutputAsset/ChapterCultivateMonster.json","822","235A80F5D4AEB0BAD2F227DDCC6AFBCDCBE1737FE8D3DAB4F72AC030C85F851E"
"1","HI3-STAGE-HELPERS-MIXED-20260615-V1","581","nairieberry","SEA/ExcelOutputAsset/CollectionMonsterData.json","11861","D90E9CA27A8E553E01DF113577A371B36554DF6347FF26F2F415A0741C69FA60"
"1","HI3-STAGE-HELPERS-MIXED-20260615-V1","582","nairieberry","SEA/ExcelOutputAsset/CompetitionSeasonLevel.json","9375","5AA098B33EE9471FC00BBE99EE4FF024A584E67D5BA84CF6DED9FF962B41A1AD"
"1","HI3-STAGE-HELPERS-MIXED-20260615-V1","583","nairieberry","SEA/ExcelOutputAsset/CoupleTowerStage.json","3405","79CF2737ECD3C7EB27F4DDED0E449BE2CC80528CDB57AFEE281196FCF1835958"
"1","HI3-STAGE-HELPERS-MIXED-20260615-V1","584","nairieberry","SEA/ExcelOutputAsset/CrisisModeStageConfig.json","633","DEABBE47699FE38E8268443DFD016F26D87B6F4DBB6CEA89CCD5221349CBB94C"
"1","HI3-STAGE-HELPERS-MIXED-20260615-V1","585","nairieberry","SEA/ExcelOutputAsset/CrisisModeStageGroupConfig.json","344","72D41E3A25E0DBAB59B918170526C2F907680A72FD97F9ECF57667524A4B4C99"
"1","HI3-STAGE-HELPERS-MIXED-20260615-V1","586","nairieberry","SEA/ExcelOutputAsset/DLCLevelData.json","17636","B1A5EE7E1201698C571270621CD4B40E9D52115C9EEA7EBDBA23BA703FDD1872"
"1","HI3-STAGE-HELPERS-MIXED-20260615-V1","587","nairieberry","SEA/ExcelOutputAsset/DLCLevelDiff.json","372","C50E300F1F3E58D755D5EA1F3901A6B29B67A5D4FCEE03D0268DE7E3608314D0"
"1","HI3-STAGE-HELPERS-MIXED-20260615-V1","588","nairieberry","SEA/ExcelOutputAsset/DLCRecommendLevel.json","2235","5F34A789187035EC5FDCFB611C6C3B0645C8FD7D4F8E69C3A1D6BF7E9C16ED9D"
"1","HI3-STAGE-HELPERS-MIXED-20260615-V1","589","nairieberry","SEA/ExcelOutputAsset/DLCSupportLevelData.json","433","8FD4B10FFA4EC9547DFDE57D157B327EDBDAA2CE9766EB10A0A29EFB594A236B"
"1","HI3-STAGE-HELPERS-MIXED-20260615-V1","590","nairieberry","SEA/ExcelOutputAsset/DLCTalentLevelData.json","231759","46AA08E23CE11E1BB2D57BA818573B99D1BEDBBE8CA435F40AF707178DF4EB13"
"1","HI3-STAGE-HELPERS-MIXED-20260615-V1","591","nairieberry","SEA/ExcelOutputAsset/DLCTowerMonster.json","1521","82CE44F899AF8DB2F70227527ACA2484AA6B05A0490C9B83B0540BFE37986A63"
"1","HI3-STAGE-HELPERS-MIXED-20260615-V1","592","nairieberry","SEA/ExcelOutputAsset/DailyMPStageData.json","5658","721471620342A3BF10FE4704FBCB22CA679098D9AD01537C784F2523D64A5082"
"1","HI3-STAGE-HELPERS-MIXED-20260615-V1","593","nairieberry","SEA/ExcelOutputAsset/Decrypted/StageData_Main.json","30579027","42496631D797B06937FB53CC26B037F71B56620EC51E1718C0C5C77613596B65"
"1","HI3-STAGE-HELPERS-MIXED-20260615-V1","594","nairieberry","SEA/ExcelOutputAsset/ElfLevelData.json","4674","A20B1D687221C88BC3EF2599C3788743972666B10B77AD85931D1A9FB7C121D8"
"1","HI3-STAGE-HELPERS-MIXED-20260615-V1","595","nairieberry","SEA/ExcelOutputAsset/ElfTalentLevelData.json","32919","100FB64F382692DA28E127A924088FF41B7E47092AD31B957219A02312969B45"
"1","HI3-STAGE-HELPERS-MIXED-20260615-V1","596","nairieberry","SEA/ExcelOutputAsset/EliteStage.json","27283","7C654FA4A3024F2C22650E6080410FEDE74A6B46E5E563C2FA66C085E55F7F37"
"1","HI3-STAGE-HELPERS-MIXED-20260615-V1","597","nairieberry","SEA/ExcelOutputAsset/EliteStageCompensation.json","33231","D85FF3BC9A162E3FCB8138BF4B1E0F86C3C2C7E3813C4FFD23638D622FD0251D"
"1","HI3-STAGE-HELPERS-MIXED-20260615-V1","598","nairieberry","SEA/ExcelOutputAsset/EquipmentLevelData.json","39147","A1B63C9EF8596DAFD55A4B8C07F578054BA78946DF7C93F70A326CF26029C288"
"1","HI3-STAGE-HELPERS-MIXED-20260615-V1","599","nairieberry","SEA/ExcelOutputAsset/ExBossLevelData.json","1743","E49D409A95C82201AA32C2A145AE7A6EB6FC93713B7C1FB58FD410842DD6A0D7"
"1","HI3-STAGE-HELPERS-MIXED-20260615-V1","600","nairieberry","SEA/ExcelOutputAsset/ExBossMonsterData.json","1105304","A7895547AB5DAEEED4082BD442568B18111E5EFA2A69D479B5BCDE93BF33E883"
"1","HI3-STAGE-HELPERS-MIXED-20260615-V1","601","nairieberry","SEA/ExcelOutputAsset/ExBossMonsterSchedule.json","61951","B7CEC4DF2FC5FC511CE6CB1491B5E928B3A6B56FC26B40F2C97E859F8FDC9610"
"1","HI3-STAGE-HELPERS-MIXED-20260615-V1","602","nairieberry","SEA/ExcelOutputAsset/FarmLevel.json","934","64BCC45E5B561B7B19DDE271FAF405FA07C282F1A0992E9F0E0277743DD63C33"
"1","HI3-STAGE-HELPERS-MIXED-20260615-V1","603","nairieberry","SEA/ExcelOutputAsset/FastPassLevel.json","10883","C1E2C94C68EC3CC4148066B835105823E5B43607B1C94745C79961C9C30B0EFA"
"1","HI3-STAGE-HELPERS-MIXED-20260615-V1","604","nairieberry","SEA/ExcelOutputAsset/GeneralActivityStage.json","67469","B650EA088907627F8C727659C6E2CCA8C91125378CE60248C30A695EE97FEDAF"
"1","HI3-STAGE-HELPERS-MIXED-20260615-V1","605","nairieberry","SEA/ExcelOutputAsset/GeneralActivityStageGroup.json","236375","09E269E656971C6238F5D438FD9C484DA96F2CD5267165AD78CB61CE821B585D"
"1","HI3-STAGE-HELPERS-MIXED-20260615-V1","606","nairieberry","SEA/ExcelOutputAsset/GeneralActivityStageHomu.json","645","158923BE7F7260526DF60B5010EF376A1E404F862958C55BEC50AE9E9B027E9C"
"1","HI3-STAGE-HELPERS-MIXED-20260615-V1","607","nairieberry","SEA/ExcelOutputAsset/GeneralActivityStageReward.json","2","4F53CDA18C2BAA0C0354BB5F9A3ECBE5ED12AB4D8E11BA873C2F11161202B945"
"1","HI3-STAGE-HELPERS-MIXED-20260615-V1","608","nairieberry","SEA/ExcelOutputAsset/GlobalArmadaReunionLevel.json","6847","236E14F77ADDECEA145F03DAD83C65B4714A3A06057984876D7BCC487A7DDD75"
"1","HI3-STAGE-HELPERS-MIXED-20260615-V1","609","nairieberry","SEA/ExcelOutputAsset/GlobalWarStage.json","28455","55C10A503E1D86E2E08BC93D80310A47FDED7B81E2D9552FB68C5463E0CE35FA"
"1","HI3-STAGE-HELPERS-MIXED-20260615-V1","610","nairieberry","SEA/ExcelOutputAsset/GrandKeyLevel.json","10019","F2599A409A93C0CB21134B56DC937C9FFC2A238FF87EC2F7192873C45D718A28"
"1","HI3-STAGE-HELPERS-MIXED-20260615-V1","611","nairieberry","SEA/ExcelOutputAsset/GratuityStage.json","45611","881DEDBF3EB8217564089E4D0A7D4AA9032ACAF3259A090C63E072880C3F96E3"
"1","HI3-STAGE-HELPERS-MIXED-20260615-V1","612","nairieberry","SEA/ExcelOutputAsset/GratuityStageClass.json","18426","F1388DF69BB70FE41038A237FE8CD39F891A1A80F85BDE4E8CC8E95E9E860CA6"
"1","HI3-STAGE-HELPERS-MIXED-20260615-V1","613","nairieberry","SEA/ExcelOutputAsset/InLevelDialog.json","334459","71EC1AA856D6628700707B4A878743E0322791A26343A8AC135AD75F3347FDDE"
"1","HI3-STAGE-HELPERS-MIXED-20260615-V1","614","nairieberry","SEA/ExcelOutputAsset/KingdomsStage.json","71316","64F20E18A3466F254A488C3F08A067A7BDCC4CFCD02B5C84A677F8082B6A65AB"
"1","HI3-STAGE-HELPERS-MIXED-20260615-V1","615","nairieberry","SEA/ExcelOutputAsset/KingdomsWarStageCurrency.json","3211","F2841EF87460540DA07286F7CFE63806CBEB519DF4D58F2496D4D76369844627"
"1","HI3-STAGE-HELPERS-MIXED-20260615-V1","616","nairieberry","SEA/ExcelOutputAsset/LevelMatrixArmadaData.json","378","6AEF61D3273F5326B3608D7C91F91AC404A0281BF1273D02655AD6AF233228C6"
"1","HI3-STAGE-HELPERS-MIXED-20260615-V1","617","nairieberry","SEA/ExcelOutputAsset/LevelMatrixBlockData.json","333","6652C3237FE7A1E7E28C9803A342BED893D900B20EA04BCB5005C9B5B128C786"
"1","HI3-STAGE-HELPERS-MIXED-20260615-V1","618","nairieberry","SEA/ExcelOutputAsset/LevelMatrixBuffData.json","1704","62644E0B0EC97246CFF92DE80BDFA89B61CD7C12D50CF5162E8A93C2531CCDF6"
"1","HI3-STAGE-HELPERS-MIXED-20260615-V1","619","nairieberry","SEA/ExcelOutputAsset/LevelMatrixEventDialog.json","4287","CA5F8DF2CB3C1ED1381B11A4B9390252E45CCF282AC17B8A2C34B1043CC68430"
"1","HI3-STAGE-HELPERS-MIXED-20260615-V1","620","nairieberry","SEA/ExcelOutputAsset/LevelMatrixFloorData.json","771","F28A1480CCB599DCB2ABD33E00E6808F282221577CF638D2508D78C54419AD86"
"1","HI3-STAGE-HELPERS-MIXED-20260615-V1","621","nairieberry","SEA/ExcelOutputAsset/LevelMatrixFloorRequirement.json","2","4F53CDA18C2BAA0C0354BB5F9A3ECBE5ED12AB4D8E11BA873C2F11161202B945"
"1","HI3-STAGE-HELPERS-MIXED-20260615-V1","622","nairieberry","SEA/ExcelOutputAsset/LevelMatrixGoods.json","908","E99D4FF4FC6473DAC60144A505CD32BA1B15784571FF4669692CB7A81CF31DA7"
"1","HI3-STAGE-HELPERS-MIXED-20260615-V1","623","nairieberry","SEA/ExcelOutputAsset/LevelMatrixGridIndex.json","40163","0BE8AD919214D93B540348B93B057CDD911E6CE391D26A84DBD462C92DE70257"
"1","HI3-STAGE-HELPERS-MIXED-20260615-V1","624","nairieberry","SEA/ExcelOutputAsset/LevelMatrixLevelLogic.json","16122","65E969EAE524C2A6D74F0173677F3563010C0685C23CF3C60E558C34ABECBF87"
"1","HI3-STAGE-HELPERS-MIXED-20260615-V1","625","nairieberry","SEA/ExcelOutputAsset/LevelMatrixMapInfo.json","536","8D03B98F34810061F37246DE019B46402AD2D2C5E2C0D487C668259ECA02B71D"
"1","HI3-STAGE-HELPERS-MIXED-20260615-V1","626","nairieberry","SEA/ExcelOutputAsset/LevelMatrixMessage.json","585","FF8BCF8C1659FEB145F8DC3BCE022613D5CFF728BA4AF528299F32F2B5AF6981"
"1","HI3-STAGE-HELPERS-MIXED-20260615-V1","627","nairieberry","SEA/ExcelOutputAsset/LevelMatrixMonsterData.json","32349","5275119C20139E6B631CFCAC1CD93CE3CD9C0913A95BE4A20F3B33F0D709E305"
"1","HI3-STAGE-HELPERS-MIXED-20260615-V1","628","nairieberry","SEA/ExcelOutputAsset/LevelMatrixPresetData.json","25292","3E37B9383A553EEDDB6E18050B6C2DC82E285D1A7F23CAB2E99E9D377EB90E1F"
"1","HI3-STAGE-HELPERS-MIXED-20260615-V1","629","nairieberry","SEA/ExcelOutputAsset/LevelMatrixSchedule.json","2","4F53CDA18C2BAA0C0354BB5F9A3ECBE5ED12AB4D8E11BA873C2F11161202B945"
"1","HI3-STAGE-HELPERS-MIXED-20260615-V1","630","nairieberry","SEA/ExcelOutputAsset/LevelMatrixScoreBonus.json","10409","8D37603378B8D8C4E0F53C11C2052518307E174D57748821373774B1F109AB1F"
"1","HI3-STAGE-HELPERS-MIXED-20260615-V1","631","nairieberry","SEA/ExcelOutputAsset/LevelMatrixSuddenEvent.json","17498","89A08957A60EF66049680B27FD6E7E183522875A050ADAE90AF8F0F509221BD4"
"1","HI3-STAGE-HELPERS-MIXED-20260615-V1","632","nairieberry","SEA/ExcelOutputAsset/LevelMatrixTheme.json","3026","EDC61F8A64E22828B58996777FB3EC77E5EFCD7E48B03CB32D92313F3DA748DB"
"1","HI3-STAGE-HELPERS-MIXED-20260615-V1","633","nairieberry","SEA/ExcelOutputAsset/LevelMatrixTreasureBox.json","1677","619352328A4A02AB753FE981598469E860C38C586A04B21DA74439712A863854"
"1","HI3-STAGE-HELPERS-MIXED-20260615-V1","634","nairieberry","SEA/ExcelOutputAsset/LevelMatrixUseItem.json","1267","9B99A5D38F7B513C3A6E37B07CC58EA66C3AAB8EE23B86840D9C68D88DB06748"
"1","HI3-STAGE-HELPERS-MIXED-20260615-V1","635","nairieberry","SEA/ExcelOutputAsset/LevelSave.json","4960","05DA862143326955E919C8C7010D9DFE228E0B15D061EA16321198A0BA81B23C"
"1","HI3-STAGE-HELPERS-MIXED-20260615-V1","636","nairieberry","SEA/ExcelOutputAsset/LevelStatistics.json","249428","41A015BE765490674D25A65D1C68DE328E6FD6008971717249DCA7DC0A0890E5"
"1","HI3-STAGE-HELPERS-MIXED-20260615-V1","637","nairieberry","SEA/ExcelOutputAsset/LevelTrialData.json","785143","031A2732E7AC50D67A4F0B4AB0A3D4B8460C11669A21A80F68D9768A293EAFDA"
"1","HI3-STAGE-HELPERS-MIXED-20260615-V1","638","nairieberry","SEA/ExcelOutputAsset/MPLevel.json","25355","F6E346D4985380D675ED2DE039C960D23372F3E038BDD478AB02B70B12EAF1B1"
"1","HI3-STAGE-HELPERS-MIXED-20260615-V1","639","nairieberry","SEA/ExcelOutputAsset/MPStageBuff.json","720","F5CEE4F8DB8DF211030392D17A3DE7FACFAE71CE408CB48FF75EE88E104DC327"
"1","HI3-STAGE-HELPERS-MIXED-20260615-V1","640","nairieberry","SEA/ExcelOutputAsset/MPStageData.json","913220","F43C95AA157C6184FD541775D34ED1EFA1F5EDF7166D4271C219D652908F165A"
"1","HI3-STAGE-HELPERS-MIXED-20260615-V1","641","nairieberry","SEA/ExcelOutputAsset/MPStagePlayerLevelDrop.json","7138","E1F061F1E1F136DEFE58260A559CC3AB84A9852DC934F491217F4EF9A37C2CCC"
"1","HI3-STAGE-HELPERS-MIXED-20260615-V1","642","nairieberry","SEA/ExcelOutputAsset/MainstageEvent.json","11013","1EE8ABB5D818572A33904F00D7BF4BBFD96B7581094600D0DF9198D873DFA99F"
"1","HI3-STAGE-HELPERS-MIXED-20260615-V1","643","nairieberry","SEA/ExcelOutputAsset/MapLevelData.json","12352","CA9FFFF33AE591AF1B1EAFEAE397218FA799837F8EB9F8BC06DE976ED8F1EB01"
"1","HI3-STAGE-HELPERS-MIXED-20260615-V1","644","nairieberry","SEA/ExcelOutputAsset/MapSiteQualityConfig.json","1399","FD3D1D578D2E9F3E5AFBB07A102A0D986935E9CC9E85AEFA45B27F9E33F17E86"
"1","HI3-STAGE-HELPERS-MIXED-20260615-V1","645","nairieberry","SEA/ExcelOutputAsset/MapSiteScheduleData.json","8742","90DBE3410DCB32AA82CE4F79EAB0451D4FDF8572C61CAC562F66E5D1A1DED909"
"1","HI3-STAGE-HELPERS-MIXED-20260615-V1","646","nairieberry","SEA/ExcelOutputAsset/MapSiteStageData.json","50115","086B4FE9CA55A6D24F5F7238240C557B8AEA5F3D123F7E591179E25D6C9133FD"
"1","HI3-STAGE-HELPERS-MIXED-20260615-V1","647","nairieberry","SEA/ExcelOutputAsset/MassiveWarMonsterData.json","1731","2FCCFFCFBBD720F1D20F59740186C9F6AB2EFE367ACEE6ADF67978E80E36DB3B"
"1","HI3-STAGE-HELPERS-MIXED-20260615-V1","648","nairieberry","SEA/ExcelOutputAsset/MassiveWarStage.json","3171","41E7FE71FC0562F9DAAF891F97441746D20A124CF6D3928E4DA7613E6BD758D9"
"1","HI3-STAGE-HELPERS-MIXED-20260615-V1","649","nairieberry","SEA/ExcelOutputAsset/MassiveWarStageInfo.json","939","8D45194B596025D7E2F36D458C033022FF98BF8849C629F927CE4585FCBDBC45"
"1","HI3-STAGE-HELPERS-MIXED-20260615-V1","650","nairieberry","SEA/ExcelOutputAsset/MentorFameLevelData.json","1934","68697A8E72F8CA02FF7D3D8B46A3077B40289931F716D06E904822A4082F6309"
"1","HI3-STAGE-HELPERS-MIXED-20260615-V1","651","nairieberry","SEA/ExcelOutputAsset/MiniBossExamHardStageData.json","14921","B818F1DE01B11BFDF9300A8229925EDA90C64398A1DDE3DF444B0FDDA826EC78"
"1","HI3-STAGE-HELPERS-MIXED-20260615-V1","652","nairieberry","SEA/ExcelOutputAsset/MiniSkyFire_Stage.json","6294","31C626874C5A2AD0E9AECF509659930C67A39FC10429EBB505F860E0E19A87D3"
"1","HI3-STAGE-HELPERS-MIXED-20260615-V1","653","nairieberry","SEA/ExcelOutputAsset/MonopolyLevelInfo.json","186186","D56387C77295D96AC82A3033776E12A7D5DB99BCF46DC2B2924E95712735A201"
"1","HI3-STAGE-HELPERS-MIXED-20260615-V1","654","nairieberry","SEA/ExcelOutputAsset/MonsterConfigData.json","279349","B4595EE27C035531A33E039B1EFF875373FD1413F483B0D267D63C2FC6D4C104"
"1","HI3-STAGE-HELPERS-MIXED-20260615-V1","655","nairieberry","SEA/ExcelOutputAsset/MonsterResistance.json","50191","82CED73BDD4CD511D6BAAFB70C21447E94D294B64941C975540F19E6F8ED5FE2"
"1","HI3-STAGE-HELPERS-MIXED-20260615-V1","656","nairieberry","SEA/ExcelOutputAsset/MonsterWikiData.json","24018","4FCDEC0A222F3FD24873CD8F7C2C81F1837CFB01B496EDB8B0892F5DBDE91FD8"
"1","HI3-STAGE-HELPERS-MIXED-20260615-V1","657","nairieberry","SEA/ExcelOutputAsset/MonsterWikiDescConfig.json","47911","5DF3F6851728F6F213E523E1D90BA05FE573D4D6917DEDD34087BC39432D032F"
"1","HI3-STAGE-HELPERS-MIXED-20260615-V1","658","nairieberry","SEA/ExcelOutputAsset/MonsterWikiPage.json","932","81D851CD662FFF6108EC3A2A7C9111FE26D3F03BC25F42EC04CD5B4053124A96"
"1","HI3-STAGE-HELPERS-MIXED-20260615-V1","659","nairieberry","SEA/ExcelOutputAsset/NPCLevelLogic.json","2118840","AC76C9C24E09A5421C7E6C53F2B0D637E3546CF2804B17F057167317F39B8D4E"
"1","HI3-STAGE-HELPERS-MIXED-20260615-V1","660","nairieberry","SEA/ExcelOutputAsset/NewbieActivityLevelReward.json","23741","E8289DE4A92A5E2402CDF798838D105D9CE056529D9FE2236DCB8D87D63CC3F8"
"1","HI3-STAGE-HELPERS-MIXED-20260615-V1","661","nairieberry","SEA/ExcelOutputAsset/NewbieActivityStageMission.json","39265","8E8E9442BD5C057B50C53BB38320EB0D09B10039AE6A04611688182BFE7F331C"
"1","HI3-STAGE-HELPERS-MIXED-20260615-V1","662","nairieberry","SEA/ExcelOutputAsset/NinjaSlotLevel.json","12195","E193E6F6B9B758B4FA7CF7E53126414D3FE8BA50DC3C9C913AE3A523FB815C6C"
"1","HI3-STAGE-HELPERS-MIXED-20260615-V1","663","nairieberry","SEA/ExcelOutputAsset/OVOStageEffect.json","2","4F53CDA18C2BAA0C0354BB5F9A3ECBE5ED12AB4D8E11BA873C2F11161202B945"
"1","HI3-STAGE-HELPERS-MIXED-20260615-V1","664","nairieberry","SEA/ExcelOutputAsset/OVOStageRobot.json","1456","AE0EE466A60CB0433A1125F011228B5F2993C7393629AB3CEC7E664DF77DCFE6"
"1","HI3-STAGE-HELPERS-MIXED-20260615-V1","665","nairieberry","SEA/ExcelOutputAsset/OWActivityLevelData.json","1634","A196F66B13602AB7B92E83D1A86638FB7939B2E43BF3D54981F117C3C6342070"
"1","HI3-STAGE-HELPERS-MIXED-20260615-V1","666","nairieberry","SEA/ExcelOutputAsset/OWEndlessMonsterData.json","462391","2AAA5A269A17BDE103C2064A528DAEA3FEBD3614FE5EE3530A11D7C7E7DA56C8"
"1","HI3-STAGE-HELPERS-MIXED-20260615-V1","667","nairieberry","SEA/ExcelOutputAsset/OWEndlessMonsterGroupScore.json","144495","6303A39BDD67ECFB6C0D8429B26877C114A979165416AB185D0407887032E624"
"1","HI3-STAGE-HELPERS-MIXED-20260615-V1","668","nairieberry","SEA/ExcelOutputAsset/OWEndlessMonsterInitType.json","242904","A578E75494B40147EBEA24D157C1B418B7672C68BD50749D9BE85B3F6A970937"
"1","HI3-STAGE-HELPERS-MIXED-20260615-V1","669","nairieberry","SEA/ExcelOutputAsset/OWEndlessSingleModeStage.json","780","0DB024D2E9C834B230C07DF71CC8B1500EFA513237C0B95D0EC4D91A7D896C78"
"1","HI3-STAGE-HELPERS-MIXED-20260615-V1","670","nairieberry","SEA/ExcelOutputAsset/OWEndlessSingleMonsterGroup.json","4210","A3E187865C1FE179435654839B66BF3B2C4461384D8799261BE07DD90AC72ABF"
"1","HI3-STAGE-HELPERS-MIXED-20260615-V1","671","nairieberry","SEA/ExcelOutputAsset/OpenWorldDestinyLevelDiff.json","384","275B42CCF22C14365812EBA34C8F3AFF01F0BA666BEB2CA573C3588AF459CD04"
"1","HI3-STAGE-HELPERS-MIXED-20260615-V1","672","nairieberry","SEA/ExcelOutputAsset/OpenWorldQuestLevelData.json","5235","A5C65CD7B1F2F16F8D78E937E42D72214DDE8188824C0DC5C499F6201DB01486"
"1","HI3-STAGE-HELPERS-MIXED-20260615-V1","673","nairieberry","SEA/ExcelOutputAsset/OpenWorldQuestMapLevel.json","26178","C88F20121E77E3A0941F878E448A827F0595A39144FDCDE636B2918608C6A443"
"1","HI3-STAGE-HELPERS-MIXED-20260615-V1","674","nairieberry","SEA/ExcelOutputAsset/OpenWorldQuestMonsterPower.json","5056","40FD026549D2076574C5A84089C0ECE1FC8A8F483FF3690BA411C425A3F93F23"
"1","HI3-STAGE-HELPERS-MIXED-20260615-V1","675","nairieberry","SEA/ExcelOutputAsset/PlayerLevelData.json","20246","B337E81174765D7632E76226E9E95393A9D2C71A6B239072D25BB8D13F41A7B1"
"1","HI3-STAGE-HELPERS-MIXED-20260615-V1","676","nairieberry","SEA/ExcelOutputAsset/PlayerLevelLock.json","1903","0C51DCD218CCEBCCFAB37CA41EB8BD010B206BD39590B7A632965491348DAD20"
"1","HI3-STAGE-HELPERS-MIXED-20260615-V1","677","nairieberry","SEA/ExcelOutputAsset/QTEndlessMonsterData.json","93111","4C805DD9FDDDA8AD50EDA1CDF770D19BAE47F2B20D74614E83D4179CBBF387C3"
"1","HI3-STAGE-HELPERS-MIXED-20260615-V1","678","nairieberry","SEA/ExcelOutputAsset/QTEndlessMonsterWave.json","70620","A0B001330CC2BA3355E4F53E002673BDA5B7E76D0D66913A10E1F803293BFBD1"
"1","HI3-STAGE-HELPERS-MIXED-20260615-V1","679","nairieberry","SEA/ExcelOutputAsset/RandomEffectLevel.json","4872","DEB95503175FB917682FC5271C51C2E3D223A72F89FB77B58171A15BDE8E06AF"
"1","HI3-STAGE-HELPERS-MIXED-20260615-V1","680","nairieberry","SEA/ExcelOutputAsset/ReclaimEventLevel.json","11576","8AC33FB6D1CB1485FC4225B6701A1BF7211F650EC493E10415F2B9995381EA98"
"1","HI3-STAGE-HELPERS-MIXED-20260615-V1","681","nairieberry","SEA/ExcelOutputAsset/ReclaimEventStageList.json","6692","90F5525FF1B722455D1A4D36E6A56A8801A38C69609AC4AF18A9470859F4C386"
"1","HI3-STAGE-HELPERS-MIXED-20260615-V1","682","nairieberry","SEA/ExcelOutputAsset/RelationStageBonusDrop.json","8865","7E74729AC412A06B5B55919BF504C3EFF15BB94C88EB8A9C2E110FA74F9F9D8D"
"1","HI3-STAGE-HELPERS-MIXED-20260615-V1","683","nairieberry","SEA/ExcelOutputAsset/RestrictExtend_Stage.json","15053","43AC1F8CAE2B8CA417D26F631914B0B749D5C85D23227D54E8C28B241695B10C"
"1","HI3-STAGE-HELPERS-MIXED-20260615-V1","684","nairieberry","SEA/ExcelOutputAsset/ReunionCookStage.json","2043","29D61CF15BF1A65F4447F16618F7720FEC3795467A540FC9BEB184316774D9A3"
"1","HI3-STAGE-HELPERS-MIXED-20260615-V1","685","nairieberry","SEA/ExcelOutputAsset/RichMonsterInfo.json","29102","6454F14CFB14E24C9993380CE5289B322574EDA8EE55D186CBA06AFBAA838F5A"
"1","HI3-STAGE-HELPERS-MIXED-20260615-V1","686","nairieberry","SEA/ExcelOutputAsset/RogueStageAvatarPosData.json","594","64ADA46BAD4B333EF28F7C62697F1E4C5D48149A3C106C9C109D5C2602024748"
"1","HI3-STAGE-HELPERS-MIXED-20260615-V1","687","nairieberry","SEA/ExcelOutputAsset/RogueStageData.json","270924","7FC6C849634D17D27C2F9A89E16B4B2F8721B0DEF03788377C53B510BD55325C"
"1","HI3-STAGE-HELPERS-MIXED-20260615-V1","688","nairieberry","SEA/ExcelOutputAsset/RogueStageDebuffData.json","1888","EA636910D157F841ACD6C1E5B5A674FEF6074B3BF69D63E5B441F8940A7B3BFD"
"1","HI3-STAGE-HELPERS-MIXED-20260615-V1","689","nairieberry","SEA/ExcelOutputAsset/RogueStageHardLevelData.json","452","D6B85FFDB31FB15283A60ACC6DEDC241FDA3E4358D895B1D9AABDB04504A281D"
"1","HI3-STAGE-HELPERS-MIXED-20260615-V1","690","nairieberry","SEA/ExcelOutputAsset/RogueStageLuaData.json","2625","74BB2C56E2F89CED046ADA1733D30D38C1F3E658AB594202C7FD9464186F263D"
"1","HI3-STAGE-HELPERS-MIXED-20260615-V1","691","nairieberry","SEA/ExcelOutputAsset/RogueTowerStage.json","75954","797ACB02E7F34EA7E4A10665BAB16EAB0FA51371A46037D6C68DF9B04EF3ADD9"
"1","HI3-STAGE-HELPERS-MIXED-20260615-V1","692","nairieberry","SEA/ExcelOutputAsset/RpgLevelProgress.json","2526","BD4E4C7502DC955396B4F03C285834A6DBC919132FAD6966BEB0C2CC08DBDF9A"
"1","HI3-STAGE-HELPERS-MIXED-20260615-V1","693","nairieberry","SEA/ExcelOutputAsset/RpgStageDrop.json","21537","48CF9B5F3D8B698EC70F3AA120001EF13C2A5F19F74CCBAF62C850385DB17832"
"1","HI3-STAGE-HELPERS-MIXED-20260615-V1","694","nairieberry","SEA/ExcelOutputAsset/RpgStageScore.json","401259","306580749FA92C03323190EBE0FB1EAE6C6F392BDDF53FE7AE1CB5DC18A00FC2"
"1","HI3-STAGE-HELPERS-MIXED-20260615-V1","695","nairieberry","SEA/ExcelOutputAsset/RpgTaleStageEnterTimes.json","2646","B705511D32BEA08360D0A4094B1FFEDB98E77C0A1D8486A8FE44F5DDAFC7E47C"
"1","HI3-STAGE-HELPERS-MIXED-20260615-V1","696","nairieberry","SEA/ExcelOutputAsset/SanctuaryBuildingLevel.json","2","4F53CDA18C2BAA0C0354BB5F9A3ECBE5ED12AB4D8E11BA873C2F11161202B945"
"1","HI3-STAGE-HELPERS-MIXED-20260615-V1","697","nairieberry","SEA/ExcelOutputAsset/SanctuaryStageConfig.json","17097","6F58C4EC254F0824C5CEA708162D835FB937AB2DFDF67136FFF12C629CBF0355"
"1","HI3-STAGE-HELPERS-MIXED-20260615-V1","698","nairieberry","SEA/ExcelOutputAsset/SingleRaidStepStage.json","6083","53D81E2181F2396B3EAD7DE8C0EAA31A72D8B350AA06032044B2877DA11A879D"
"1","HI3-STAGE-HELPERS-MIXED-20260615-V1","699","nairieberry","SEA/ExcelOutputAsset/StageChallengeData.json","157111","8E6089ADBEF12CB2EAD6A2519E311232DDC4310AB050DB24E9BBFFB55943A58F"
"1","HI3-STAGE-HELPERS-MIXED-20260615-V1","700","nairieberry","SEA/ExcelOutputAsset/StageDamageStatistics.json","10608","DDEF2D45C702DDE1A458BF2DDC1B11080780B5FB54871F48D6BA04D44831717D"
"1","HI3-STAGE-HELPERS-MIXED-20260615-V1","701","nairieberry","SEA/ExcelOutputAsset/StageData_Story.json","11032","DD8B1B9E463DB2F3EA51526973FF645BCC8617B4C52C1DFDCEBADDADE95969DE"
"1","HI3-STAGE-HELPERS-MIXED-20260615-V1","702","nairieberry","SEA/ExcelOutputAsset/StageData_StoryMapped.json","4402","A1776A59F0BFA4B41B0880D034B641F00FF5877295D580977F27EE9795205375"
"1","HI3-STAGE-HELPERS-MIXED-20260615-V1","703","nairieberry","SEA/ExcelOutputAsset/StageDetail.json","1989624","B0A16C261BAA36ED2203B5B2BBE283B82C454E546FB13BED55238401B3EADAD7"
"1","HI3-STAGE-HELPERS-MIXED-20260615-V1","704","nairieberry","SEA/ExcelOutputAsset/StageDetailLayout.json","14671","C603F85359C3434C39285C93D2F59262C94B04006EA4B0374B45043750E2892F"
"1","HI3-STAGE-HELPERS-MIXED-20260615-V1","705","nairieberry","SEA/ExcelOutputAsset/StageDetail_Ability.json","295910","A9CF126B7F3F087F11CD8E7A1B7BBE0217020B3342BFAABC835864A64C67955D"
"1","HI3-STAGE-HELPERS-MIXED-20260615-V1","706","nairieberry","SEA/ExcelOutputAsset/StageDetail_AccumuatorGauge.json","613","8AB8BB241050F1F327FD545AE3D276BAE7AF0CB85922A560459B7837A18B00F3"
"1","HI3-STAGE-HELPERS-MIXED-20260615-V1","707","nairieberry","SEA/ExcelOutputAsset/StageDetail_Effect.json","238970","8A9E4FCB124AE4687C36119A3CFE4F76D1F12C7966057BEC943E697D37ABFFB8"
"1","HI3-STAGE-HELPERS-MIXED-20260615-V1","708","nairieberry","SEA/ExcelOutputAsset/StageDetail_Monster.json","524547","7F97970D51368B3F7DA3C54625710F0F82F35FDC705DBEDE5D58F0051E2F68EC"
"1","HI3-STAGE-HELPERS-MIXED-20260615-V1","709","nairieberry","SEA/ExcelOutputAsset/StageDetail_Monster_Resist.json","6722","0064A5C23C760C1948E4992E0D4AA4E995038A5684D61A7E5B7FC56862BCE10B"
"1","HI3-STAGE-HELPERS-MIXED-20260615-V1","710","nairieberry","SEA/ExcelOutputAsset/StageDetail_Nature.json","492","B980841C3B023A10CF41E135115B9EFA5F141561D89843440EDEAEDC0E45A926"
"1","HI3-STAGE-HELPERS-MIXED-20260615-V1","711","nairieberry","SEA/ExcelOutputAsset/StageDetail_SkillType.json","3738","1CCAFC8D5DEDCB9670DFE1CA4420E26AD9390C33390295FF362AC0D10F2E2BCD"
"1","HI3-STAGE-HELPERS-MIXED-20260615-V1","712","nairieberry","SEA/ExcelOutputAsset/StageDialogData.json","271142","0D08B4B5A43AD7A6D0945DB47119957F26E230B57485BA3F349829C605380730"
"1","HI3-STAGE-HELPERS-MIXED-20260615-V1","713","nairieberry","SEA/ExcelOutputAsset/StageDropItemData.json","495166","C9A4C532F8A401A8247D292D3D6B795AC47BF8C2C07D900D433BF4F99F1159EA"
"1","HI3-STAGE-HELPERS-MIXED-20260615-V1","714","nairieberry","SEA/ExcelOutputAsset/StageEffectCarryOn.json","2145","9CC366E981FAA75A013C107C54AD52DFD90C964092A8235F02AE6428594AE9FD"
"1","HI3-STAGE-HELPERS-MIXED-20260615-V1","715","nairieberry","SEA/ExcelOutputAsset/StageEnhanceData.json","17115","B3B6E5663896121CF6F3C3AB50ED96433D410491857154260948EFDF2D5AD319"
"1","HI3-STAGE-HELPERS-MIXED-20260615-V1","716","nairieberry","SEA/ExcelOutputAsset/StageLiveRecommend.json","18363","C2C0C2AADE1FA7A4261541DF971F0A4BD7A1EFBAC2BBFB205A58BC1E459BAD5D"
"1","HI3-STAGE-HELPERS-MIXED-20260615-V1","717","nairieberry","SEA/ExcelOutputAsset/StageMaxScoreData.json","54922","DB23D3FE58323BAE046045A9F7D6CBCE56E7CC98AD1ED4E090B1690F6FB8DB2C"
"1","HI3-STAGE-HELPERS-MIXED-20260615-V1","718","nairieberry","SEA/ExcelOutputAsset/StageMessage.json","3822","21F089F5FDFB657B032ABD329A9C21EA67377FE2B2FF5ACFDC5F645D026D64DE"
"1","HI3-STAGE-HELPERS-MIXED-20260615-V1","719","nairieberry","SEA/ExcelOutputAsset/StageMultiTeamData.json","5825","05BF75C2EB786013AC1D7831F819BB123D6E8A0F8188C6CA0B97DAA06CFBF347"
"1","HI3-STAGE-HELPERS-MIXED-20260615-V1","720","nairieberry","SEA/ExcelOutputAsset/StagePhoto.json","1590","A0376B65DC8D57B1D1A5369B8563CE0790932A575A4554744A78C0E7AB744A72"
"1","HI3-STAGE-HELPERS-MIXED-20260615-V1","721","nairieberry","SEA/ExcelOutputAsset/StageQAvatar.json","2856","ED60AFD2D9B50A83909CC627EEF05468F79FC3CC664F76A015EA257AF391E753"
"1","HI3-STAGE-HELPERS-MIXED-20260615-V1","722","nairieberry","SEA/ExcelOutputAsset/StageRandomEffect.json","3803","8B36D95F28C2F83176DF692EC77E33D7844146C40B1AD0E57D4D065A8B6C584E"
"1","HI3-STAGE-HELPERS-MIXED-20260615-V1","723","nairieberry","SEA/ExcelOutputAsset/StageRankConfig.json","267","95BF12A5F2B86454D0F58DCA76C4D4772392D15C1641FB64E7A1050C8F1D49EE"
"1","HI3-STAGE-HELPERS-MIXED-20260615-V1","724","nairieberry","SEA/ExcelOutputAsset/StageRankGroupConfig.json","137","4730D215EC36F3A72DB267B9F46F6572C41D0DA92BEF4939EC5BE6FA1F0CFC83"
"1","HI3-STAGE-HELPERS-MIXED-20260615-V1","725","nairieberry","SEA/ExcelOutputAsset/StageReChanllenge.json","46594","598B1E79F0A0502B37D944B0F62DFF01A6221465F5EAF769130418E2ACD48DBA"
"1","HI3-STAGE-HELPERS-MIXED-20260615-V1","726","nairieberry","SEA/ExcelOutputAsset/StageResetCostData.json","25040","5F54D7BF5F9A46509A0FDCC2F7B4CADCB73762129A962A6ADACBE8B2104A9387"
"1","HI3-STAGE-HELPERS-MIXED-20260615-V1","727","nairieberry","SEA/ExcelOutputAsset/StageResistanceData.json","3019","2F1DE4A1986076907923A20484E6B30893700368390EEED54FDED400B0CE17D0"
"1","HI3-STAGE-HELPERS-MIXED-20260615-V1","728","nairieberry","SEA/ExcelOutputAsset/StageRestrictData.json","146974","67316F55A633C2AA8439DDE4C743EC983FA391D95869C320E742238A81095C80"
"1","HI3-STAGE-HELPERS-MIXED-20260615-V1","729","nairieberry","SEA/ExcelOutputAsset/StageRestrictExtend.json","28968","AD10037B58100A33D0D0D7857E076EE689EB0694D950C6C82F12C756D6294D8C"
"1","HI3-STAGE-HELPERS-MIXED-20260615-V1","730","nairieberry","SEA/ExcelOutputAsset/StageReviveCostData.json","3112","614C2B84A1119793D6347515601AF675EA58C8F4BF0CEB08560C3175A1AD4683"
"1","HI3-STAGE-HELPERS-MIXED-20260615-V1","731","nairieberry","SEA/ExcelOutputAsset/StageScoreReward.json","2075003","3F4E346CE3D0E0396DA4446A6E21A9407627F5F0D5611F50211A50901743556A"
"1","HI3-STAGE-HELPERS-MIXED-20260615-V1","732","nairieberry","SEA/ExcelOutputAsset/StageScoreRewardDisplay.json","658","54F4A34B7F2ED7DEABE59CD4E2BD7BBC308768D0BDCB7A1F005BA20046026647"
"1","HI3-STAGE-HELPERS-MIXED-20260615-V1","733","nairieberry","SEA/ExcelOutputAsset/StageTutorialData.json","1019","C937749D81466A01C5A2D527F584D831A4A9836441CA6E0E7EEF621A659BA61E"
"1","HI3-STAGE-HELPERS-MIXED-20260615-V1","734","nairieberry","SEA/ExcelOutputAsset/StageTypeData.json","4729","AF95494A4DF38AE9C26245F3436CE1A378F2C4AF0F94C2B7F66DC54EB6C934F8"
"1","HI3-STAGE-HELPERS-MIXED-20260615-V1","735","nairieberry","SEA/ExcelOutputAsset/TVTCardLevel.json","2","4F53CDA18C2BAA0C0354BB5F9A3ECBE5ED12AB4D8E11BA873C2F11161202B945"
"1","HI3-STAGE-HELPERS-MIXED-20260615-V1","736","nairieberry","SEA/ExcelOutputAsset/TVTInLevelInteraction.json","827","3CFDDFBF7B532E8E456B44AFAFBD3936054C5709D77DF593FA831938FE44FE49"
"1","HI3-STAGE-HELPERS-MIXED-20260615-V1","737","nairieberry","SEA/ExcelOutputAsset/TVTStage.json","2","4F53CDA18C2BAA0C0354BB5F9A3ECBE5ED12AB4D8E11BA873C2F11161202B945"
"1","HI3-STAGE-HELPERS-MIXED-20260615-V1","738","nairieberry","SEA/ExcelOutputAsset/ThemeData_Stage.json","4096","96ACBBBE407233D16677897F65D3734DB6557AFC02DE5E5F36B37F18FCE50E76"
"1","HI3-STAGE-HELPERS-MIXED-20260615-V1","739","nairieberry","SEA/ExcelOutputAsset/TouchLevelData.json","863","8C13A5CB1C8CC9C28CC2CDC7B6D55B492FB6BD3A145D069508B59A2BAA95E88F"
"1","HI3-STAGE-HELPERS-MIXED-20260615-V1","740","nairieberry","SEA/ExcelOutputAsset/TowerRaidStage.json","14641","08B4593546DF44544D7FEDBCCBEE4FCDB5C67789A1788C0BFAC96207FA3E7414"
"1","HI3-STAGE-HELPERS-MIXED-20260615-V1","741","nairieberry","SEA/ExcelOutputAsset/TowerStageConfig.json","127818","F1D75A4516AAA306A2742FBEED4EE77A9EB1AF52C8E5044C5D1F3BFF0E11D45F"
"1","HI3-STAGE-HELPERS-MIXED-20260615-V1","742","nairieberry","SEA/ExcelOutputAsset/TrainingLevelAchieve.json","2","4F53CDA18C2BAA0C0354BB5F9A3ECBE5ED12AB4D8E11BA873C2F11161202B945"
"1","HI3-STAGE-HELPERS-MIXED-20260615-V1","743","nairieberry","SEA/ExcelOutputAsset/TrainingLevelData.json","2","4F53CDA18C2BAA0C0354BB5F9A3ECBE5ED12AB4D8E11BA873C2F11161202B945"
"1","HI3-STAGE-HELPERS-MIXED-20260615-V1","744","nairieberry","SEA/ExcelOutputAsset/UltraEndlessStage.json","6096","372F0AB482E0BCE203571FFDA597BB70BC05A96E1A15574D74789907D2F022DA"
"1","HI3-STAGE-HELPERS-MIXED-20260615-V1","745","nairieberry","SEA/ExcelOutputAsset/UniqueMonsterData.json","2924954","DBDCE5F24FDA5DB967239DE2029F80067AED76DEA4A40BF59B3CD3D8C1F9DF2B"
"1","HI3-STAGE-HELPERS-MIXED-20260615-V1","746","nairieberry","SEA/ExcelOutputAsset/VirtualCustomLevelData.json","47571","F71312E6ED92CE5C8F9F6582745D1D1DE18F6C79549B3A65C398AF3CA2D09915"
"1","HI3-STAGE-HELPERS-MIXED-20260615-V1","747","nairieberry","SEA/ExcelOutputAsset/VirtualTrainStageDrop.json","4383","6A7ABE9B7FDDBD25E65E4FD1A8EBBC3FCE8088706C6B04DA858CB44B30B77F88"
"1","HI3-STAGE-HELPERS-MIXED-20260615-V1","748","nairieberry","SEA/ExcelOutputAsset/WantedStageData.json","10495","1FA39184130C8A465A71A3901CD4A3D0203EEB2B956B7911405858156783B1FB"
"1","HI3-STAGE-HELPERS-MIXED-20260615-V1","749","nairieberry","ja-JP/ExcelOutputAsset/ActivityChargeLevel.json","23557","0C6D9397318F05F84356AA9542F3BB33D6C89FA7D0E72FC90079B5921E46DF57"
"1","HI3-STAGE-HELPERS-MIXED-20260615-V1","750","nairieberry","ja-JP/ExcelOutputAsset/ActivityStageRank.json","3432","99A99E9AF22429CF8862BCA5A755AFC04768F3C857204A484DB45D4B98097A17"
"1","HI3-STAGE-HELPERS-MIXED-20260615-V1","751","nairieberry","ja-JP/ExcelOutputAsset/AdventureAvatarSkillLevel.json","7478","A71D2E1FCDEB2C34C476FF96441B888C050C7FC4814A665428C0CE0CE0987A42"
"1","HI3-STAGE-HELPERS-MIXED-20260615-V1","752","nairieberry","ja-JP/ExcelOutputAsset/AffinityTotalLevelReward.json","2","4F53CDA18C2BAA0C0354BB5F9A3ECBE5ED12AB4D8E11BA873C2F11161202B945"
"1","HI3-STAGE-HELPERS-MIXED-20260615-V1","753","nairieberry","ja-JP/ExcelOutputAsset/Affix_TitleLevel.json","5267","6494C49FA19F95C34E20D383E55BB257200E4E991F2617A1DD86ED4C7D721A01"
"1","HI3-STAGE-HELPERS-MIXED-20260615-V1","754","nairieberry","ja-JP/ExcelOutputAsset/ArmadaReunionLevel.json","14599","BCC66D72ED1404D57A8B5373864A2C68C72CEEB1031D29137DCC79CC0C78497D"
"1","HI3-STAGE-HELPERS-MIXED-20260615-V1","755","nairieberry","ja-JP/ExcelOutputAsset/ArmadaStageBossData.json","1385","98E9E203B4AF97DD9F235A7BE203CAFCD564C27C8C791FE26C68CC68948FCF48"
"1","HI3-STAGE-HELPERS-MIXED-20260615-V1","756","nairieberry","ja-JP/ExcelOutputAsset/ArmadaStageHardData.json","23530","FCB3C5347DAD9E97616AB88F079B82720E40D3DA88EEB0F941DCB8E93345710F"
"1","HI3-STAGE-HELPERS-MIXED-20260615-V1","757","nairieberry","ja-JP/ExcelOutputAsset/AvatarArtifactLevel.json","12759","CBBF893E90849F2F3F1C1AE0525488D96819C94455DE8AAE0735CCFF8EB18339"
"1","HI3-STAGE-HELPERS-MIXED-20260615-V1","758","nairieberry","ja-JP/ExcelOutputAsset/AvatarLevelData.json","11781","B145AAF6FF2E467840BF402A07F9C15BD05D5F697CFABCC81D5F09D228C367BA"
"1","HI3-STAGE-HELPERS-MIXED-20260615-V1","759","nairieberry","ja-JP/ExcelOutputAsset/AvatarSubSkillLevelDataV2.json","27734","08435097CECF2D440EEC900573A734749BCFD801DFCE068ED5B4EB5B658BA6AC"
"1","HI3-STAGE-HELPERS-MIXED-20260615-V1","760","nairieberry","ja-JP/ExcelOutputAsset/BattlePassSeasonLevelConfig.json","243204","5A59C8C7A2BD2D05E1F6B7C735F0CC9C2F47BD7C54FB301DB87EF2E29380F832"
"1","HI3-STAGE-HELPERS-MIXED-20260615-V1","761","nairieberry","ja-JP/ExcelOutputAsset/BattlePassThemeLevelConfig.json","15464","97E289C37105E9DCBB566A9BD50E7B4F242DE739733EFA5638118FA4C931E268"
"1","HI3-STAGE-HELPERS-MIXED-20260615-V1","762","nairieberry","ja-JP/ExcelOutputAsset/BbqLevel.json","404","85CA11ACB8BBA27EF8514387643CB7115D642812E23CC7808A3CF0C875F9418A"
"1","HI3-STAGE-HELPERS-MIXED-20260615-V1","763","nairieberry","ja-JP/ExcelOutputAsset/BeastStage.json","4605","CF37D30CE3F6AB8A31AA0272BB890526255D866AF959B39EBFB32F26098A522E"
"1","HI3-STAGE-HELPERS-MIXED-20260615-V1","764","nairieberry","ja-JP/ExcelOutputAsset/BeastStageDisplay.json","19506","D95C7C9B54B9151B32F3ACD2B0EF5E936433F514E52C9B4DC5D059CEB68B7ADD"
"1","HI3-STAGE-HELPERS-MIXED-20260615-V1","765","nairieberry","ja-JP/ExcelOutputAsset/ChallengeWarStageData.json","20509","B1A6DE1CEBCD64F61AF3ACE1AD1A22BC59A88207589BECF6CA3A0B02BD4E811C"
"1","HI3-STAGE-HELPERS-MIXED-20260615-V1","766","nairieberry","ja-JP/ExcelOutputAsset/ChallengeWarStageFloor.json","2775","39E9E769A2396C87DDDC54493C3C30C5D8533E5FAC2543EA2445534E4261367A"
"1","HI3-STAGE-HELPERS-MIXED-20260615-V1","767","nairieberry","ja-JP/ExcelOutputAsset/ChapterActivityStage.json","76764","5E38F77ED8194AE837E773B72A1837844A4FD956FF133FEF664739CFA3B1CEE3"
"1","HI3-STAGE-HELPERS-MIXED-20260615-V1","768","nairieberry","ja-JP/ExcelOutputAsset/ChapterCultivateLevelData.json","25310","8551305EB2DDE4406C3AF12F9A55556A6455E67C51008FE677EA565EBDDD4799"
"1","HI3-STAGE-HELPERS-MIXED-20260615-V1","769","nairieberry","ja-JP/ExcelOutputAsset/ChapterCultivateMonster.json","822","235A80F5D4AEB0BAD2F227DDCC6AFBCDCBE1737FE8D3DAB4F72AC030C85F851E"
"1","HI3-STAGE-HELPERS-MIXED-20260615-V1","770","nairieberry","ja-JP/ExcelOutputAsset/CollectionMonsterData.json","11861","D90E9CA27A8E553E01DF113577A371B36554DF6347FF26F2F415A0741C69FA60"
"1","HI3-STAGE-HELPERS-MIXED-20260615-V1","771","nairieberry","ja-JP/ExcelOutputAsset/CompetitionSeasonLevel.json","9375","5AA098B33EE9471FC00BBE99EE4FF024A584E67D5BA84CF6DED9FF962B41A1AD"
"1","HI3-STAGE-HELPERS-MIXED-20260615-V1","772","nairieberry","ja-JP/ExcelOutputAsset/CoupleTowerStage.json","3405","79CF2737ECD3C7EB27F4DDED0E449BE2CC80528CDB57AFEE281196FCF1835958"
"1","HI3-STAGE-HELPERS-MIXED-20260615-V1","773","nairieberry","ja-JP/ExcelOutputAsset/CrisisModeStageConfig.json","633","DEABBE47699FE38E8268443DFD016F26D87B6F4DBB6CEA89CCD5221349CBB94C"
"1","HI3-STAGE-HELPERS-MIXED-20260615-V1","774","nairieberry","ja-JP/ExcelOutputAsset/CrisisModeStageGroupConfig.json","344","72D41E3A25E0DBAB59B918170526C2F907680A72FD97F9ECF57667524A4B4C99"
"1","HI3-STAGE-HELPERS-MIXED-20260615-V1","775","nairieberry","ja-JP/ExcelOutputAsset/DLCLevelData.json","17636","B1A5EE7E1201698C571270621CD4B40E9D52115C9EEA7EBDBA23BA703FDD1872"
"1","HI3-STAGE-HELPERS-MIXED-20260615-V1","776","nairieberry","ja-JP/ExcelOutputAsset/DLCLevelDiff.json","372","C50E300F1F3E58D755D5EA1F3901A6B29B67A5D4FCEE03D0268DE7E3608314D0"
"1","HI3-STAGE-HELPERS-MIXED-20260615-V1","777","nairieberry","ja-JP/ExcelOutputAsset/DLCRecommendLevel.json","2235","5F34A789187035EC5FDCFB611C6C3B0645C8FD7D4F8E69C3A1D6BF7E9C16ED9D"
"1","HI3-STAGE-HELPERS-MIXED-20260615-V1","778","nairieberry","ja-JP/ExcelOutputAsset/DLCSupportLevelData.json","433","8FD4B10FFA4EC9547DFDE57D157B327EDBDAA2CE9766EB10A0A29EFB594A236B"
"1","HI3-STAGE-HELPERS-MIXED-20260615-V1","779","nairieberry","ja-JP/ExcelOutputAsset/DLCTalentLevelData.json","231759","46AA08E23CE11E1BB2D57BA818573B99D1BEDBBE8CA435F40AF707178DF4EB13"
"1","HI3-STAGE-HELPERS-MIXED-20260615-V1","780","nairieberry","ja-JP/ExcelOutputAsset/DLCTowerMonster.json","1521","82CE44F899AF8DB2F70227527ACA2484AA6B05A0490C9B83B0540BFE37986A63"
"1","HI3-STAGE-HELPERS-MIXED-20260615-V1","781","nairieberry","ja-JP/ExcelOutputAsset/DailyMPStageData.json","5658","721471620342A3BF10FE4704FBCB22CA679098D9AD01537C784F2523D64A5082"
"1","HI3-STAGE-HELPERS-MIXED-20260615-V1","782","nairieberry","ja-JP/ExcelOutputAsset/Decrypted/StageData_Main.json","30237077","81A4138C8723D85A819F9AD0B5634EF4D7E0DC220506906DD96D6BCFBD600745"
"1","HI3-STAGE-HELPERS-MIXED-20260615-V1","783","nairieberry","ja-JP/ExcelOutputAsset/ElfLevelData.json","4674","A20B1D687221C88BC3EF2599C3788743972666B10B77AD85931D1A9FB7C121D8"
"1","HI3-STAGE-HELPERS-MIXED-20260615-V1","784","nairieberry","ja-JP/ExcelOutputAsset/ElfTalentLevelData.json","32919","100FB64F382692DA28E127A924088FF41B7E47092AD31B957219A02312969B45"
"1","HI3-STAGE-HELPERS-MIXED-20260615-V1","785","nairieberry","ja-JP/ExcelOutputAsset/EliteStage.json","27283","7C654FA4A3024F2C22650E6080410FEDE74A6B46E5E563C2FA66C085E55F7F37"
"1","HI3-STAGE-HELPERS-MIXED-20260615-V1","786","nairieberry","ja-JP/ExcelOutputAsset/EliteStageCompensation.json","33231","D85FF3BC9A162E3FCB8138BF4B1E0F86C3C2C7E3813C4FFD23638D622FD0251D"
"1","HI3-STAGE-HELPERS-MIXED-20260615-V1","787","nairieberry","ja-JP/ExcelOutputAsset/EquipmentLevelData.json","39147","A1B63C9EF8596DAFD55A4B8C07F578054BA78946DF7C93F70A326CF26029C288"
"1","HI3-STAGE-HELPERS-MIXED-20260615-V1","788","nairieberry","ja-JP/ExcelOutputAsset/ExBossLevelData.json","1743","E49D409A95C82201AA32C2A145AE7A6EB6FC93713B7C1FB58FD410842DD6A0D7"
"1","HI3-STAGE-HELPERS-MIXED-20260615-V1","789","nairieberry","ja-JP/ExcelOutputAsset/ExBossMonsterData.json","1105304","A7895547AB5DAEEED4082BD442568B18111E5EFA2A69D479B5BCDE93BF33E883"
"1","HI3-STAGE-HELPERS-MIXED-20260615-V1","790","nairieberry","ja-JP/ExcelOutputAsset/ExBossMonsterSchedule.json","97700","B81C7EF04A105C8AC8FD56569DAE23925DB32ACE6ED31089926CB4BFDC0888C3"
"1","HI3-STAGE-HELPERS-MIXED-20260615-V1","791","nairieberry","ja-JP/ExcelOutputAsset/FarmLevel.json","934","64BCC45E5B561B7B19DDE271FAF405FA07C282F1A0992E9F0E0277743DD63C33"
"1","HI3-STAGE-HELPERS-MIXED-20260615-V1","792","nairieberry","ja-JP/ExcelOutputAsset/FastPassLevel.json","10883","C1E2C94C68EC3CC4148066B835105823E5B43607B1C94745C79961C9C30B0EFA"
"1","HI3-STAGE-HELPERS-MIXED-20260615-V1","793","nairieberry","ja-JP/ExcelOutputAsset/GeneralActivityStage.json","64934","81DE535D479E0F9C09642230EAB5380702DE03B3F673EDBB2254DCF1C6133E41"
"1","HI3-STAGE-HELPERS-MIXED-20260615-V1","794","nairieberry","ja-JP/ExcelOutputAsset/GeneralActivityStageGroup.json","234447","67A79D8F91D78C4E6805363417330FE44259E51189EAEFCC0D7A13ABF6DDA28C"
"1","HI3-STAGE-HELPERS-MIXED-20260615-V1","795","nairieberry","ja-JP/ExcelOutputAsset/GeneralActivityStageHomu.json","645","158923BE7F7260526DF60B5010EF376A1E404F862958C55BEC50AE9E9B027E9C"
"1","HI3-STAGE-HELPERS-MIXED-20260615-V1","796","nairieberry","ja-JP/ExcelOutputAsset/GeneralActivityStageReward.json","2","4F53CDA18C2BAA0C0354BB5F9A3ECBE5ED12AB4D8E11BA873C2F11161202B945"
"1","HI3-STAGE-HELPERS-MIXED-20260615-V1","797","nairieberry","ja-JP/ExcelOutputAsset/GlobalArmadaReunionLevel.json","6847","236E14F77ADDECEA145F03DAD83C65B4714A3A06057984876D7BCC487A7DDD75"
"1","HI3-STAGE-HELPERS-MIXED-20260615-V1","798","nairieberry","ja-JP/ExcelOutputAsset/GlobalWarStage.json","28455","55C10A503E1D86E2E08BC93D80310A47FDED7B81E2D9552FB68C5463E0CE35FA"
"1","HI3-STAGE-HELPERS-MIXED-20260615-V1","799","nairieberry","ja-JP/ExcelOutputAsset/GrandKeyLevel.json","10019","F2599A409A93C0CB21134B56DC937C9FFC2A238FF87EC2F7192873C45D718A28"
"1","HI3-STAGE-HELPERS-MIXED-20260615-V1","800","nairieberry","ja-JP/ExcelOutputAsset/GratuityStage.json","45611","881DEDBF3EB8217564089E4D0A7D4AA9032ACAF3259A090C63E072880C3F96E3"
"1","HI3-STAGE-HELPERS-MIXED-20260615-V1","801","nairieberry","ja-JP/ExcelOutputAsset/GratuityStageClass.json","18426","F1388DF69BB70FE41038A237FE8CD39F891A1A80F85BDE4E8CC8E95E9E860CA6"
"1","HI3-STAGE-HELPERS-MIXED-20260615-V1","802","nairieberry","ja-JP/ExcelOutputAsset/InLevelDialog.json","334459","71EC1AA856D6628700707B4A878743E0322791A26343A8AC135AD75F3347FDDE"
"1","HI3-STAGE-HELPERS-MIXED-20260615-V1","803","nairieberry","ja-JP/ExcelOutputAsset/KingdomsStage.json","71316","64F20E18A3466F254A488C3F08A067A7BDCC4CFCD02B5C84A677F8082B6A65AB"
"1","HI3-STAGE-HELPERS-MIXED-20260615-V1","804","nairieberry","ja-JP/ExcelOutputAsset/KingdomsWarStageCurrency.json","3211","F2841EF87460540DA07286F7CFE63806CBEB519DF4D58F2496D4D76369844627"
"1","HI3-STAGE-HELPERS-MIXED-20260615-V1","805","nairieberry","ja-JP/ExcelOutputAsset/LevelMatrixArmadaData.json","378","6AEF61D3273F5326B3608D7C91F91AC404A0281BF1273D02655AD6AF233228C6"
"1","HI3-STAGE-HELPERS-MIXED-20260615-V1","806","nairieberry","ja-JP/ExcelOutputAsset/LevelMatrixBlockData.json","333","6652C3237FE7A1E7E28C9803A342BED893D900B20EA04BCB5005C9B5B128C786"
"1","HI3-STAGE-HELPERS-MIXED-20260615-V1","807","nairieberry","ja-JP/ExcelOutputAsset/LevelMatrixBuffData.json","1704","62644E0B0EC97246CFF92DE80BDFA89B61CD7C12D50CF5162E8A93C2531CCDF6"
"1","HI3-STAGE-HELPERS-MIXED-20260615-V1","808","nairieberry","ja-JP/ExcelOutputAsset/LevelMatrixEventDialog.json","4287","CA5F8DF2CB3C1ED1381B11A4B9390252E45CCF282AC17B8A2C34B1043CC68430"
"1","HI3-STAGE-HELPERS-MIXED-20260615-V1","809","nairieberry","ja-JP/ExcelOutputAsset/LevelMatrixFloorData.json","771","F28A1480CCB599DCB2ABD33E00E6808F282221577CF638D2508D78C54419AD86"
"1","HI3-STAGE-HELPERS-MIXED-20260615-V1","810","nairieberry","ja-JP/ExcelOutputAsset/LevelMatrixFloorRequirement.json","2","4F53CDA18C2BAA0C0354BB5F9A3ECBE5ED12AB4D8E11BA873C2F11161202B945"
"1","HI3-STAGE-HELPERS-MIXED-20260615-V1","811","nairieberry","ja-JP/ExcelOutputAsset/LevelMatrixGoods.json","908","E99D4FF4FC6473DAC60144A505CD32BA1B15784571FF4669692CB7A81CF31DA7"
"1","HI3-STAGE-HELPERS-MIXED-20260615-V1","812","nairieberry","ja-JP/ExcelOutputAsset/LevelMatrixGridIndex.json","40163","0BE8AD919214D93B540348B93B057CDD911E6CE391D26A84DBD462C92DE70257"
"1","HI3-STAGE-HELPERS-MIXED-20260615-V1","813","nairieberry","ja-JP/ExcelOutputAsset/LevelMatrixLevelLogic.json","16122","65E969EAE524C2A6D74F0173677F3563010C0685C23CF3C60E558C34ABECBF87"
"1","HI3-STAGE-HELPERS-MIXED-20260615-V1","814","nairieberry","ja-JP/ExcelOutputAsset/LevelMatrixMapInfo.json","536","8D03B98F34810061F37246DE019B46402AD2D2C5E2C0D487C668259ECA02B71D"
"1","HI3-STAGE-HELPERS-MIXED-20260615-V1","815","nairieberry","ja-JP/ExcelOutputAsset/LevelMatrixMessage.json","585","FF8BCF8C1659FEB145F8DC3BCE022613D5CFF728BA4AF528299F32F2B5AF6981"
"1","HI3-STAGE-HELPERS-MIXED-20260615-V1","816","nairieberry","ja-JP/ExcelOutputAsset/LevelMatrixMonsterData.json","32349","5275119C20139E6B631CFCAC1CD93CE3CD9C0913A95BE4A20F3B33F0D709E305"
"1","HI3-STAGE-HELPERS-MIXED-20260615-V1","817","nairieberry","ja-JP/ExcelOutputAsset/LevelMatrixPresetData.json","25292","3E37B9383A553EEDDB6E18050B6C2DC82E285D1A7F23CAB2E99E9D377EB90E1F"
"1","HI3-STAGE-HELPERS-MIXED-20260615-V1","818","nairieberry","ja-JP/ExcelOutputAsset/LevelMatrixSchedule.json","2","4F53CDA18C2BAA0C0354BB5F9A3ECBE5ED12AB4D8E11BA873C2F11161202B945"
"1","HI3-STAGE-HELPERS-MIXED-20260615-V1","819","nairieberry","ja-JP/ExcelOutputAsset/LevelMatrixScoreBonus.json","10409","8D37603378B8D8C4E0F53C11C2052518307E174D57748821373774B1F109AB1F"
"1","HI3-STAGE-HELPERS-MIXED-20260615-V1","820","nairieberry","ja-JP/ExcelOutputAsset/LevelMatrixSuddenEvent.json","17498","89A08957A60EF66049680B27FD6E7E183522875A050ADAE90AF8F0F509221BD4"
"1","HI3-STAGE-HELPERS-MIXED-20260615-V1","821","nairieberry","ja-JP/ExcelOutputAsset/LevelMatrixTheme.json","3026","EDC61F8A64E22828B58996777FB3EC77E5EFCD7E48B03CB32D92313F3DA748DB"
"1","HI3-STAGE-HELPERS-MIXED-20260615-V1","822","nairieberry","ja-JP/ExcelOutputAsset/LevelMatrixTreasureBox.json","1677","619352328A4A02AB753FE981598469E860C38C586A04B21DA74439712A863854"
"1","HI3-STAGE-HELPERS-MIXED-20260615-V1","823","nairieberry","ja-JP/ExcelOutputAsset/LevelMatrixUseItem.json","1267","9B99A5D38F7B513C3A6E37B07CC58EA66C3AAB8EE23B86840D9C68D88DB06748"
"1","HI3-STAGE-HELPERS-MIXED-20260615-V1","824","nairieberry","ja-JP/ExcelOutputAsset/LevelSave.json","4960","05DA862143326955E919C8C7010D9DFE228E0B15D061EA16321198A0BA81B23C"
"1","HI3-STAGE-HELPERS-MIXED-20260615-V1","825","nairieberry","ja-JP/ExcelOutputAsset/LevelStatistics.json","249428","41A015BE765490674D25A65D1C68DE328E6FD6008971717249DCA7DC0A0890E5"
"1","HI3-STAGE-HELPERS-MIXED-20260615-V1","826","nairieberry","ja-JP/ExcelOutputAsset/LevelTrialData.json","800382","C83117052E6C343D0432DB44268B361522E7422B9CAE5DB255760882E6AC0ED4"
"1","HI3-STAGE-HELPERS-MIXED-20260615-V1","827","nairieberry","ja-JP/ExcelOutputAsset/MPLevel.json","25355","F6E346D4985380D675ED2DE039C960D23372F3E038BDD478AB02B70B12EAF1B1"
"1","HI3-STAGE-HELPERS-MIXED-20260615-V1","828","nairieberry","ja-JP/ExcelOutputAsset/MPStageBuff.json","720","F5CEE4F8DB8DF211030392D17A3DE7FACFAE71CE408CB48FF75EE88E104DC327"
"1","HI3-STAGE-HELPERS-MIXED-20260615-V1","829","nairieberry","ja-JP/ExcelOutputAsset/MPStageData.json","906081","0809552E11D058E7311CEAFE4EBEEE712300B9E3887101AB899448E9C77292C4"
"1","HI3-STAGE-HELPERS-MIXED-20260615-V1","830","nairieberry","ja-JP/ExcelOutputAsset/MPStagePlayerLevelDrop.json","7138","E1F061F1E1F136DEFE58260A559CC3AB84A9852DC934F491217F4EF9A37C2CCC"
"1","HI3-STAGE-HELPERS-MIXED-20260615-V1","831","nairieberry","ja-JP/ExcelOutputAsset/MainstageEvent.json","10585","99E40C9E74FF16002B40DEE32DD37DC07C198A34BDAE6F0485BEF34F7D5290B1"
"1","HI3-STAGE-HELPERS-MIXED-20260615-V1","832","nairieberry","ja-JP/ExcelOutputAsset/MapLevelData.json","12352","CA9FFFF33AE591AF1B1EAFEAE397218FA799837F8EB9F8BC06DE976ED8F1EB01"
"1","HI3-STAGE-HELPERS-MIXED-20260615-V1","833","nairieberry","ja-JP/ExcelOutputAsset/MapSiteQualityConfig.json","1399","FD3D1D578D2E9F3E5AFBB07A102A0D986935E9CC9E85AEFA45B27F9E33F17E86"
"1","HI3-STAGE-HELPERS-MIXED-20260615-V1","834","nairieberry","ja-JP/ExcelOutputAsset/MapSiteScheduleData.json","9284","FB595B764E5F036682401A66A7B8A5530F797A7D17F60161A1D6BB0D102671E8"
"1","HI3-STAGE-HELPERS-MIXED-20260615-V1","835","nairieberry","ja-JP/ExcelOutputAsset/MapSiteStageData.json","50115","086B4FE9CA55A6D24F5F7238240C557B8AEA5F3D123F7E591179E25D6C9133FD"
"1","HI3-STAGE-HELPERS-MIXED-20260615-V1","836","nairieberry","ja-JP/ExcelOutputAsset/MassiveWarMonsterData.json","1731","2FCCFFCFBBD720F1D20F59740186C9F6AB2EFE367ACEE6ADF67978E80E36DB3B"
"1","HI3-STAGE-HELPERS-MIXED-20260615-V1","837","nairieberry","ja-JP/ExcelOutputAsset/MassiveWarStage.json","3171","41E7FE71FC0562F9DAAF891F97441746D20A124CF6D3928E4DA7613E6BD758D9"
"1","HI3-STAGE-HELPERS-MIXED-20260615-V1","838","nairieberry","ja-JP/ExcelOutputAsset/MassiveWarStageInfo.json","939","8D45194B596025D7E2F36D458C033022FF98BF8849C629F927CE4585FCBDBC45"
"1","HI3-STAGE-HELPERS-MIXED-20260615-V1","839","nairieberry","ja-JP/ExcelOutputAsset/MentorFameLevelData.json","1934","68697A8E72F8CA02FF7D3D8B46A3077B40289931F716D06E904822A4082F6309"
"1","HI3-STAGE-HELPERS-MIXED-20260615-V1","840","nairieberry","ja-JP/ExcelOutputAsset/MiniBossExamHardStageData.json","14921","B818F1DE01B11BFDF9300A8229925EDA90C64398A1DDE3DF444B0FDDA826EC78"
"1","HI3-STAGE-HELPERS-MIXED-20260615-V1","841","nairieberry","ja-JP/ExcelOutputAsset/MiniSkyFire_Stage.json","6294","31C626874C5A2AD0E9AECF509659930C67A39FC10429EBB505F860E0E19A87D3"
"1","HI3-STAGE-HELPERS-MIXED-20260615-V1","842","nairieberry","ja-JP/ExcelOutputAsset/MonopolyLevelInfo.json","186186","D56387C77295D96AC82A3033776E12A7D5DB99BCF46DC2B2924E95712735A201"
"1","HI3-STAGE-HELPERS-MIXED-20260615-V1","843","nairieberry","ja-JP/ExcelOutputAsset/MonsterConfigData.json","279349","B4595EE27C035531A33E039B1EFF875373FD1413F483B0D267D63C2FC6D4C104"
"1","HI3-STAGE-HELPERS-MIXED-20260615-V1","844","nairieberry","ja-JP/ExcelOutputAsset/MonsterResistance.json","50191","82CED73BDD4CD511D6BAAFB70C21447E94D294B64941C975540F19E6F8ED5FE2"
"1","HI3-STAGE-HELPERS-MIXED-20260615-V1","845","nairieberry","ja-JP/ExcelOutputAsset/MonsterWikiData.json","24018","4FCDEC0A222F3FD24873CD8F7C2C81F1837CFB01B496EDB8B0892F5DBDE91FD8"
"1","HI3-STAGE-HELPERS-MIXED-20260615-V1","846","nairieberry","ja-JP/ExcelOutputAsset/MonsterWikiDescConfig.json","47911","5DF3F6851728F6F213E523E1D90BA05FE573D4D6917DEDD34087BC39432D032F"
"1","HI3-STAGE-HELPERS-MIXED-20260615-V1","847","nairieberry","ja-JP/ExcelOutputAsset/MonsterWikiPage.json","932","81D851CD662FFF6108EC3A2A7C9111FE26D3F03BC25F42EC04CD5B4053124A96"
"1","HI3-STAGE-HELPERS-MIXED-20260615-V1","848","nairieberry","ja-JP/ExcelOutputAsset/NPCLevelLogic.json","2112351","1433DE03C24A65107A748EB11E42BC350E54AFFA5B623E411C39AB1D81566C58"
"1","HI3-STAGE-HELPERS-MIXED-20260615-V1","849","nairieberry","ja-JP/ExcelOutputAsset/NewbieActivityLevelReward.json","23741","E8289DE4A92A5E2402CDF798838D105D9CE056529D9FE2236DCB8D87D63CC3F8"
"1","HI3-STAGE-HELPERS-MIXED-20260615-V1","850","nairieberry","ja-JP/ExcelOutputAsset/NewbieActivityStageMission.json","39265","8E8E9442BD5C057B50C53BB38320EB0D09B10039AE6A04611688182BFE7F331C"
"1","HI3-STAGE-HELPERS-MIXED-20260615-V1","851","nairieberry","ja-JP/ExcelOutputAsset/NinjaSlotLevel.json","12195","E193E6F6B9B758B4FA7CF7E53126414D3FE8BA50DC3C9C913AE3A523FB815C6C"
"1","HI3-STAGE-HELPERS-MIXED-20260615-V1","852","nairieberry","ja-JP/ExcelOutputAsset/OVOStageEffect.json","2","4F53CDA18C2BAA0C0354BB5F9A3ECBE5ED12AB4D8E11BA873C2F11161202B945"
"1","HI3-STAGE-HELPERS-MIXED-20260615-V1","853","nairieberry","ja-JP/ExcelOutputAsset/OVOStageRobot.json","1456","AE0EE466A60CB0433A1125F011228B5F2993C7393629AB3CEC7E664DF77DCFE6"
"1","HI3-STAGE-HELPERS-MIXED-20260615-V1","854","nairieberry","ja-JP/ExcelOutputAsset/OWActivityLevelData.json","1634","A196F66B13602AB7B92E83D1A86638FB7939B2E43BF3D54981F117C3C6342070"
"1","HI3-STAGE-HELPERS-MIXED-20260615-V1","855","nairieberry","ja-JP/ExcelOutputAsset/OWEndlessMonsterData.json","462391","2AAA5A269A17BDE103C2064A528DAEA3FEBD3614FE5EE3530A11D7C7E7DA56C8"
"1","HI3-STAGE-HELPERS-MIXED-20260615-V1","856","nairieberry","ja-JP/ExcelOutputAsset/OWEndlessMonsterGroupScore.json","144495","6303A39BDD67ECFB6C0D8429B26877C114A979165416AB185D0407887032E624"
"1","HI3-STAGE-HELPERS-MIXED-20260615-V1","857","nairieberry","ja-JP/ExcelOutputAsset/OWEndlessMonsterInitType.json","242904","A578E75494B40147EBEA24D157C1B418B7672C68BD50749D9BE85B3F6A970937"
"1","HI3-STAGE-HELPERS-MIXED-20260615-V1","858","nairieberry","ja-JP/ExcelOutputAsset/OWEndlessSingleModeStage.json","780","0DB024D2E9C834B230C07DF71CC8B1500EFA513237C0B95D0EC4D91A7D896C78"
"1","HI3-STAGE-HELPERS-MIXED-20260615-V1","859","nairieberry","ja-JP/ExcelOutputAsset/OWEndlessSingleMonsterGroup.json","4210","A3E187865C1FE179435654839B66BF3B2C4461384D8799261BE07DD90AC72ABF"
"1","HI3-STAGE-HELPERS-MIXED-20260615-V1","860","nairieberry","ja-JP/ExcelOutputAsset/OpenWorldDestinyLevelDiff.json","384","275B42CCF22C14365812EBA34C8F3AFF01F0BA666BEB2CA573C3588AF459CD04"
"1","HI3-STAGE-HELPERS-MIXED-20260615-V1","861","nairieberry","ja-JP/ExcelOutputAsset/OpenWorldQuestLevelData.json","5235","A5C65CD7B1F2F16F8D78E937E42D72214DDE8188824C0DC5C499F6201DB01486"
"1","HI3-STAGE-HELPERS-MIXED-20260615-V1","862","nairieberry","ja-JP/ExcelOutputAsset/OpenWorldQuestMapLevel.json","26178","C88F20121E77E3A0941F878E448A827F0595A39144FDCDE636B2918608C6A443"
"1","HI3-STAGE-HELPERS-MIXED-20260615-V1","863","nairieberry","ja-JP/ExcelOutputAsset/OpenWorldQuestMonsterPower.json","5056","40FD026549D2076574C5A84089C0ECE1FC8A8F483FF3690BA411C425A3F93F23"
"1","HI3-STAGE-HELPERS-MIXED-20260615-V1","864","nairieberry","ja-JP/ExcelOutputAsset/PlayerLevelData.json","20246","B337E81174765D7632E76226E9E95393A9D2C71A6B239072D25BB8D13F41A7B1"
"1","HI3-STAGE-HELPERS-MIXED-20260615-V1","865","nairieberry","ja-JP/ExcelOutputAsset/PlayerLevelLock.json","1903","0C51DCD218CCEBCCFAB37CA41EB8BD010B206BD39590B7A632965491348DAD20"
"1","HI3-STAGE-HELPERS-MIXED-20260615-V1","866","nairieberry","ja-JP/ExcelOutputAsset/QTEndlessMonsterData.json","93111","4C805DD9FDDDA8AD50EDA1CDF770D19BAE47F2B20D74614E83D4179CBBF387C3"
"1","HI3-STAGE-HELPERS-MIXED-20260615-V1","867","nairieberry","ja-JP/ExcelOutputAsset/QTEndlessMonsterWave.json","70620","A0B001330CC2BA3355E4F53E002673BDA5B7E76D0D66913A10E1F803293BFBD1"
"1","HI3-STAGE-HELPERS-MIXED-20260615-V1","868","nairieberry","ja-JP/ExcelOutputAsset/RandomEffectLevel.json","4872","DEB95503175FB917682FC5271C51C2E3D223A72F89FB77B58171A15BDE8E06AF"
"1","HI3-STAGE-HELPERS-MIXED-20260615-V1","869","nairieberry","ja-JP/ExcelOutputAsset/ReclaimEventLevel.json","11576","8AC33FB6D1CB1485FC4225B6701A1BF7211F650EC493E10415F2B9995381EA98"
"1","HI3-STAGE-HELPERS-MIXED-20260615-V1","870","nairieberry","ja-JP/ExcelOutputAsset/ReclaimEventStageList.json","6692","90F5525FF1B722455D1A4D36E6A56A8801A38C69609AC4AF18A9470859F4C386"
"1","HI3-STAGE-HELPERS-MIXED-20260615-V1","871","nairieberry","ja-JP/ExcelOutputAsset/RelationStageBonusDrop.json","8865","7E74729AC412A06B5B55919BF504C3EFF15BB94C88EB8A9C2E110FA74F9F9D8D"
"1","HI3-STAGE-HELPERS-MIXED-20260615-V1","872","nairieberry","ja-JP/ExcelOutputAsset/RestrictExtend_Stage.json","15053","43AC1F8CAE2B8CA417D26F631914B0B749D5C85D23227D54E8C28B241695B10C"
"1","HI3-STAGE-HELPERS-MIXED-20260615-V1","873","nairieberry","ja-JP/ExcelOutputAsset/ReunionCookStage.json","2043","29D61CF15BF1A65F4447F16618F7720FEC3795467A540FC9BEB184316774D9A3"
"1","HI3-STAGE-HELPERS-MIXED-20260615-V1","874","nairieberry","ja-JP/ExcelOutputAsset/RichMonsterInfo.json","29102","6454F14CFB14E24C9993380CE5289B322574EDA8EE55D186CBA06AFBAA838F5A"
"1","HI3-STAGE-HELPERS-MIXED-20260615-V1","875","nairieberry","ja-JP/ExcelOutputAsset/RogueStageAvatarPosData.json","594","64ADA46BAD4B333EF28F7C62697F1E4C5D48149A3C106C9C109D5C2602024748"
"1","HI3-STAGE-HELPERS-MIXED-20260615-V1","876","nairieberry","ja-JP/ExcelOutputAsset/RogueStageData.json","270924","7FC6C849634D17D27C2F9A89E16B4B2F8721B0DEF03788377C53B510BD55325C"
"1","HI3-STAGE-HELPERS-MIXED-20260615-V1","877","nairieberry","ja-JP/ExcelOutputAsset/RogueStageDebuffData.json","1888","EA636910D157F841ACD6C1E5B5A674FEF6074B3BF69D63E5B441F8940A7B3BFD"
"1","HI3-STAGE-HELPERS-MIXED-20260615-V1","878","nairieberry","ja-JP/ExcelOutputAsset/RogueStageHardLevelData.json","452","D6B85FFDB31FB15283A60ACC6DEDC241FDA3E4358D895B1D9AABDB04504A281D"
"1","HI3-STAGE-HELPERS-MIXED-20260615-V1","879","nairieberry","ja-JP/ExcelOutputAsset/RogueStageLuaData.json","2625","74BB2C56E2F89CED046ADA1733D30D38C1F3E658AB594202C7FD9464186F263D"
"1","HI3-STAGE-HELPERS-MIXED-20260615-V1","880","nairieberry","ja-JP/ExcelOutputAsset/RogueTowerStage.json","75954","797ACB02E7F34EA7E4A10665BAB16EAB0FA51371A46037D6C68DF9B04EF3ADD9"
"1","HI3-STAGE-HELPERS-MIXED-20260615-V1","881","nairieberry","ja-JP/ExcelOutputAsset/RpgLevelProgress.json","2526","BD4E4C7502DC955396B4F03C285834A6DBC919132FAD6966BEB0C2CC08DBDF9A"
"1","HI3-STAGE-HELPERS-MIXED-20260615-V1","882","nairieberry","ja-JP/ExcelOutputAsset/RpgStageDrop.json","21537","48CF9B5F3D8B698EC70F3AA120001EF13C2A5F19F74CCBAF62C850385DB17832"
"1","HI3-STAGE-HELPERS-MIXED-20260615-V1","883","nairieberry","ja-JP/ExcelOutputAsset/RpgStageScore.json","401259","306580749FA92C03323190EBE0FB1EAE6C6F392BDDF53FE7AE1CB5DC18A00FC2"
"1","HI3-STAGE-HELPERS-MIXED-20260615-V1","884","nairieberry","ja-JP/ExcelOutputAsset/RpgTaleStageEnterTimes.json","2646","B705511D32BEA08360D0A4094B1FFEDB98E77C0A1D8486A8FE44F5DDAFC7E47C"
"1","HI3-STAGE-HELPERS-MIXED-20260615-V1","885","nairieberry","ja-JP/ExcelOutputAsset/SanctuaryBuildingLevel.json","3858","5F3D641510C55A3A8F6351C629723AD97004AD6CD44CF725D54C3D20BD5B5134"
"1","HI3-STAGE-HELPERS-MIXED-20260615-V1","886","nairieberry","ja-JP/ExcelOutputAsset/SanctuaryStageConfig.json","17097","6F58C4EC254F0824C5CEA708162D835FB937AB2DFDF67136FFF12C629CBF0355"
"1","HI3-STAGE-HELPERS-MIXED-20260615-V1","887","nairieberry","ja-JP/ExcelOutputAsset/SingleRaidStepStage.json","6083","53D81E2181F2396B3EAD7DE8C0EAA31A72D8B350AA06032044B2877DA11A879D"
"1","HI3-STAGE-HELPERS-MIXED-20260615-V1","888","nairieberry","ja-JP/ExcelOutputAsset/StageChallengeData.json","157432","6BE12CB82145CF9E627EA459270ADA60BB8F7F0988083FDAB5CA01D73A3A64CF"
"1","HI3-STAGE-HELPERS-MIXED-20260615-V1","889","nairieberry","ja-JP/ExcelOutputAsset/StageDamageStatistics.json","10608","DDEF2D45C702DDE1A458BF2DDC1B11080780B5FB54871F48D6BA04D44831717D"
"1","HI3-STAGE-HELPERS-MIXED-20260615-V1","890","nairieberry","ja-JP/ExcelOutputAsset/StageData_Story.json","11032","DD8B1B9E463DB2F3EA51526973FF645BCC8617B4C52C1DFDCEBADDADE95969DE"
"1","HI3-STAGE-HELPERS-MIXED-20260615-V1","891","nairieberry","ja-JP/ExcelOutputAsset/StageData_StoryMapped.json","4402","A1776A59F0BFA4B41B0880D034B641F00FF5877295D580977F27EE9795205375"
"1","HI3-STAGE-HELPERS-MIXED-20260615-V1","892","nairieberry","ja-JP/ExcelOutputAsset/StageDetail.json","1989964","6969BF4261DE87445BE4F0F7E10651C6B9B99E2E52EB43EEC0B84D12A128992F"
"1","HI3-STAGE-HELPERS-MIXED-20260615-V1","893","nairieberry","ja-JP/ExcelOutputAsset/StageDetailLayout.json","14671","C603F85359C3434C39285C93D2F59262C94B04006EA4B0374B45043750E2892F"
"1","HI3-STAGE-HELPERS-MIXED-20260615-V1","894","nairieberry","ja-JP/ExcelOutputAsset/StageDetail_Ability.json","295910","A9CF126B7F3F087F11CD8E7A1B7BBE0217020B3342BFAABC835864A64C67955D"
"1","HI3-STAGE-HELPERS-MIXED-20260615-V1","895","nairieberry","ja-JP/ExcelOutputAsset/StageDetail_AccumuatorGauge.json","613","8AB8BB241050F1F327FD545AE3D276BAE7AF0CB85922A560459B7837A18B00F3"
"1","HI3-STAGE-HELPERS-MIXED-20260615-V1","896","nairieberry","ja-JP/ExcelOutputAsset/StageDetail_Effect.json","238970","8A9E4FCB124AE4687C36119A3CFE4F76D1F12C7966057BEC943E697D37ABFFB8"
"1","HI3-STAGE-HELPERS-MIXED-20260615-V1","897","nairieberry","ja-JP/ExcelOutputAsset/StageDetail_Monster.json","524547","7F97970D51368B3F7DA3C54625710F0F82F35FDC705DBEDE5D58F0051E2F68EC"
"1","HI3-STAGE-HELPERS-MIXED-20260615-V1","898","nairieberry","ja-JP/ExcelOutputAsset/StageDetail_Monster_Resist.json","6722","0064A5C23C760C1948E4992E0D4AA4E995038A5684D61A7E5B7FC56862BCE10B"
"1","HI3-STAGE-HELPERS-MIXED-20260615-V1","899","nairieberry","ja-JP/ExcelOutputAsset/StageDetail_Nature.json","492","B980841C3B023A10CF41E135115B9EFA5F141561D89843440EDEAEDC0E45A926"
"1","HI3-STAGE-HELPERS-MIXED-20260615-V1","900","nairieberry","ja-JP/ExcelOutputAsset/StageDetail_SkillType.json","3738","1CCAFC8D5DEDCB9670DFE1CA4420E26AD9390C33390295FF362AC0D10F2E2BCD"
"1","HI3-STAGE-HELPERS-MIXED-20260615-V1","901","nairieberry","ja-JP/ExcelOutputAsset/StageDialogData.json","271142","C443E7B447FE353DEEB7D80A63D1F632DD12DE445BDCC4F34367380503D9867C"
"1","HI3-STAGE-HELPERS-MIXED-20260615-V1","902","nairieberry","ja-JP/ExcelOutputAsset/StageDropItemData.json","482603","40D84E7F19732E28C49346DA74546889736334F34D0E4AC9979951DC4B3C068E"
"1","HI3-STAGE-HELPERS-MIXED-20260615-V1","903","nairieberry","ja-JP/ExcelOutputAsset/StageEffectCarryOn.json","2145","9CC366E981FAA75A013C107C54AD52DFD90C964092A8235F02AE6428594AE9FD"
"1","HI3-STAGE-HELPERS-MIXED-20260615-V1","904","nairieberry","ja-JP/ExcelOutputAsset/StageEnhanceData.json","17115","B3B6E5663896121CF6F3C3AB50ED96433D410491857154260948EFDF2D5AD319"
"1","HI3-STAGE-HELPERS-MIXED-20260615-V1","905","nairieberry","ja-JP/ExcelOutputAsset/StageLiveRecommend.json","18363","C2C0C2AADE1FA7A4261541DF971F0A4BD7A1EFBAC2BBFB205A58BC1E459BAD5D"
"1","HI3-STAGE-HELPERS-MIXED-20260615-V1","906","nairieberry","ja-JP/ExcelOutputAsset/StageMaxScoreData.json","54922","DB23D3FE58323BAE046045A9F7D6CBCE56E7CC98AD1ED4E090B1690F6FB8DB2C"
"1","HI3-STAGE-HELPERS-MIXED-20260615-V1","907","nairieberry","ja-JP/ExcelOutputAsset/StageMessage.json","3822","21F089F5FDFB657B032ABD329A9C21EA67377FE2B2FF5ACFDC5F645D026D64DE"
"1","HI3-STAGE-HELPERS-MIXED-20260615-V1","908","nairieberry","ja-JP/ExcelOutputAsset/StageMultiTeamData.json","5825","05BF75C2EB786013AC1D7831F819BB123D6E8A0F8188C6CA0B97DAA06CFBF347"
"1","HI3-STAGE-HELPERS-MIXED-20260615-V1","909","nairieberry","ja-JP/ExcelOutputAsset/StagePhoto.json","1590","A0376B65DC8D57B1D1A5369B8563CE0790932A575A4554744A78C0E7AB744A72"
"1","HI3-STAGE-HELPERS-MIXED-20260615-V1","910","nairieberry","ja-JP/ExcelOutputAsset/StageQAvatar.json","2856","ED60AFD2D9B50A83909CC627EEF05468F79FC3CC664F76A015EA257AF391E753"
"1","HI3-STAGE-HELPERS-MIXED-20260615-V1","911","nairieberry","ja-JP/ExcelOutputAsset/StageRandomEffect.json","3803","8B36D95F28C2F83176DF692EC77E33D7844146C40B1AD0E57D4D065A8B6C584E"
"1","HI3-STAGE-HELPERS-MIXED-20260615-V1","912","nairieberry","ja-JP/ExcelOutputAsset/StageRankConfig.json","267","95BF12A5F2B86454D0F58DCA76C4D4772392D15C1641FB64E7A1050C8F1D49EE"
"1","HI3-STAGE-HELPERS-MIXED-20260615-V1","913","nairieberry","ja-JP/ExcelOutputAsset/StageRankGroupConfig.json","137","4730D215EC36F3A72DB267B9F46F6572C41D0DA92BEF4939EC5BE6FA1F0CFC83"
"1","HI3-STAGE-HELPERS-MIXED-20260615-V1","914","nairieberry","ja-JP/ExcelOutputAsset/StageReChanllenge.json","46594","598B1E79F0A0502B37D944B0F62DFF01A6221465F5EAF769130418E2ACD48DBA"
"1","HI3-STAGE-HELPERS-MIXED-20260615-V1","915","nairieberry","ja-JP/ExcelOutputAsset/StageResetCostData.json","25040","5F54D7BF5F9A46509A0FDCC2F7B4CADCB73762129A962A6ADACBE8B2104A9387"
"1","HI3-STAGE-HELPERS-MIXED-20260615-V1","916","nairieberry","ja-JP/ExcelOutputAsset/StageResistanceData.json","3019","2F1DE4A1986076907923A20484E6B30893700368390EEED54FDED400B0CE17D0"
"1","HI3-STAGE-HELPERS-MIXED-20260615-V1","917","nairieberry","ja-JP/ExcelOutputAsset/StageRestrictData.json","146974","67316F55A633C2AA8439DDE4C743EC983FA391D95869C320E742238A81095C80"
"1","HI3-STAGE-HELPERS-MIXED-20260615-V1","918","nairieberry","ja-JP/ExcelOutputAsset/StageRestrictExtend.json","28968","AD10037B58100A33D0D0D7857E076EE689EB0694D950C6C82F12C756D6294D8C"
"1","HI3-STAGE-HELPERS-MIXED-20260615-V1","919","nairieberry","ja-JP/ExcelOutputAsset/StageReviveCostData.json","3112","614C2B84A1119793D6347515601AF675EA58C8F4BF0CEB08560C3175A1AD4683"
"1","HI3-STAGE-HELPERS-MIXED-20260615-V1","920","nairieberry","ja-JP/ExcelOutputAsset/StageScoreReward.json","2075003","3F4E346CE3D0E0396DA4446A6E21A9407627F5F0D5611F50211A50901743556A"
"1","HI3-STAGE-HELPERS-MIXED-20260615-V1","921","nairieberry","ja-JP/ExcelOutputAsset/StageScoreRewardDisplay.json","658","54F4A34B7F2ED7DEABE59CD4E2BD7BBC308768D0BDCB7A1F005BA20046026647"
"1","HI3-STAGE-HELPERS-MIXED-20260615-V1","922","nairieberry","ja-JP/ExcelOutputAsset/StageTutorialData.json","1019","C937749D81466A01C5A2D527F584D831A4A9836441CA6E0E7EEF621A659BA61E"
"1","HI3-STAGE-HELPERS-MIXED-20260615-V1","923","nairieberry","ja-JP/ExcelOutputAsset/StageTypeData.json","4729","AF95494A4DF38AE9C26245F3436CE1A378F2C4AF0F94C2B7F66DC54EB6C934F8"
"1","HI3-STAGE-HELPERS-MIXED-20260615-V1","924","nairieberry","ja-JP/ExcelOutputAsset/TVTCardLevel.json","10105","01F0B122499ACEBFCF890BCA8EC507A0616ADF6EEAC0BA87A980634495162603"
"1","HI3-STAGE-HELPERS-MIXED-20260615-V1","925","nairieberry","ja-JP/ExcelOutputAsset/TVTInLevelInteraction.json","827","3CFDDFBF7B532E8E456B44AFAFBD3936054C5709D77DF593FA831938FE44FE49"
"1","HI3-STAGE-HELPERS-MIXED-20260615-V1","926","nairieberry","ja-JP/ExcelOutputAsset/TVTStage.json","2","4F53CDA18C2BAA0C0354BB5F9A3ECBE5ED12AB4D8E11BA873C2F11161202B945"
"1","HI3-STAGE-HELPERS-MIXED-20260615-V1","927","nairieberry","ja-JP/ExcelOutputAsset/ThemeData_Stage.json","4096","96ACBBBE407233D16677897F65D3734DB6557AFC02DE5E5F36B37F18FCE50E76"
"1","HI3-STAGE-HELPERS-MIXED-20260615-V1","928","nairieberry","ja-JP/ExcelOutputAsset/TouchLevelData.json","858","A729C0D56FFF5BB6CCCC920215B10562D3E0DB3978812833F0D5DAF90A0A75BE"
"1","HI3-STAGE-HELPERS-MIXED-20260615-V1","929","nairieberry","ja-JP/ExcelOutputAsset/TowerRaidStage.json","14641","08B4593546DF44544D7FEDBCCBEE4FCDB5C67789A1788C0BFAC96207FA3E7414"
"1","HI3-STAGE-HELPERS-MIXED-20260615-V1","930","nairieberry","ja-JP/ExcelOutputAsset/TowerStageConfig.json","127818","F1D75A4516AAA306A2742FBEED4EE77A9EB1AF52C8E5044C5D1F3BFF0E11D45F"
"1","HI3-STAGE-HELPERS-MIXED-20260615-V1","931","nairieberry","ja-JP/ExcelOutputAsset/TrainingLevelAchieve.json","2","4F53CDA18C2BAA0C0354BB5F9A3ECBE5ED12AB4D8E11BA873C2F11161202B945"
"1","HI3-STAGE-HELPERS-MIXED-20260615-V1","932","nairieberry","ja-JP/ExcelOutputAsset/TrainingLevelData.json","2","4F53CDA18C2BAA0C0354BB5F9A3ECBE5ED12AB4D8E11BA873C2F11161202B945"
"1","HI3-STAGE-HELPERS-MIXED-20260615-V1","933","nairieberry","ja-JP/ExcelOutputAsset/UltraEndlessStage.json","6096","372F0AB482E0BCE203571FFDA597BB70BC05A96E1A15574D74789907D2F022DA"
"1","HI3-STAGE-HELPERS-MIXED-20260615-V1","934","nairieberry","ja-JP/ExcelOutputAsset/UniqueMonsterData.json","2907583","09A18E85544F189B69EAB5FC690D47F9A2883AC197C6F498848B2DC63882D435"
"1","HI3-STAGE-HELPERS-MIXED-20260615-V1","935","nairieberry","ja-JP/ExcelOutputAsset/VirtualCustomLevelData.json","47571","F71312E6ED92CE5C8F9F6582745D1D1DE18F6C79549B3A65C398AF3CA2D09915"
"1","HI3-STAGE-HELPERS-MIXED-20260615-V1","936","nairieberry","ja-JP/ExcelOutputAsset/VirtualTrainStageDrop.json","4383","6A7ABE9B7FDDBD25E65E4FD1A8EBBC3FCE8088706C6B04DA858CB44B30B77F88"
"1","HI3-STAGE-HELPERS-MIXED-20260615-V1","937","nairieberry","ja-JP/ExcelOutputAsset/WantedStageData.json","10495","1FA39184130C8A465A71A3901CD4A3D0203EEB2B956B7911405858156783B1FB"
"1","HI3-STAGE-HELPERS-MIXED-20260615-V1","938","nairieberry","ko-KR/ExcelOutputAsset/ActivityChargeLevel.json","23557","0C6D9397318F05F84356AA9542F3BB33D6C89FA7D0E72FC90079B5921E46DF57"
"1","HI3-STAGE-HELPERS-MIXED-20260615-V1","939","nairieberry","ko-KR/ExcelOutputAsset/ActivityStageRank.json","3432","99A99E9AF22429CF8862BCA5A755AFC04768F3C857204A484DB45D4B98097A17"
"1","HI3-STAGE-HELPERS-MIXED-20260615-V1","940","nairieberry","ko-KR/ExcelOutputAsset/AdventureAvatarSkillLevel.json","7478","A71D2E1FCDEB2C34C476FF96441B888C050C7FC4814A665428C0CE0CE0987A42"
"1","HI3-STAGE-HELPERS-MIXED-20260615-V1","941","nairieberry","ko-KR/ExcelOutputAsset/AffinityTotalLevelReward.json","2","4F53CDA18C2BAA0C0354BB5F9A3ECBE5ED12AB4D8E11BA873C2F11161202B945"
"1","HI3-STAGE-HELPERS-MIXED-20260615-V1","942","nairieberry","ko-KR/ExcelOutputAsset/Affix_TitleLevel.json","5267","6494C49FA19F95C34E20D383E55BB257200E4E991F2617A1DD86ED4C7D721A01"
"1","HI3-STAGE-HELPERS-MIXED-20260615-V1","943","nairieberry","ko-KR/ExcelOutputAsset/ArmadaReunionLevel.json","14599","BCC66D72ED1404D57A8B5373864A2C68C72CEEB1031D29137DCC79CC0C78497D"
"1","HI3-STAGE-HELPERS-MIXED-20260615-V1","944","nairieberry","ko-KR/ExcelOutputAsset/ArmadaStageBossData.json","2","4F53CDA18C2BAA0C0354BB5F9A3ECBE5ED12AB4D8E11BA873C2F11161202B945"
"1","HI3-STAGE-HELPERS-MIXED-20260615-V1","945","nairieberry","ko-KR/ExcelOutputAsset/ArmadaStageHardData.json","23530","FCB3C5347DAD9E97616AB88F079B82720E40D3DA88EEB0F941DCB8E93345710F"
"1","HI3-STAGE-HELPERS-MIXED-20260615-V1","946","nairieberry","ko-KR/ExcelOutputAsset/AvatarArtifactLevel.json","12759","CBBF893E90849F2F3F1C1AE0525488D96819C94455DE8AAE0735CCFF8EB18339"
"1","HI3-STAGE-HELPERS-MIXED-20260615-V1","947","nairieberry","ko-KR/ExcelOutputAsset/AvatarLevelData.json","11781","B145AAF6FF2E467840BF402A07F9C15BD05D5F697CFABCC81D5F09D228C367BA"
"1","HI3-STAGE-HELPERS-MIXED-20260615-V1","948","nairieberry","ko-KR/ExcelOutputAsset/AvatarSubSkillLevelDataV2.json","27734","08435097CECF2D440EEC900573A734749BCFD801DFCE068ED5B4EB5B658BA6AC"
"1","HI3-STAGE-HELPERS-MIXED-20260615-V1","949","nairieberry","ko-KR/ExcelOutputAsset/BattlePassSeasonLevelConfig.json","243204","74A49B4F0A4F59B049C13DC36EF0B8EC6D409394297AF63C03A9971A13DACD10"
"1","HI3-STAGE-HELPERS-MIXED-20260615-V1","950","nairieberry","ko-KR/ExcelOutputAsset/BattlePassThemeLevelConfig.json","15464","97E289C37105E9DCBB566A9BD50E7B4F242DE739733EFA5638118FA4C931E268"
"1","HI3-STAGE-HELPERS-MIXED-20260615-V1","951","nairieberry","ko-KR/ExcelOutputAsset/BbqLevel.json","404","85CA11ACB8BBA27EF8514387643CB7115D642812E23CC7808A3CF0C875F9418A"
"1","HI3-STAGE-HELPERS-MIXED-20260615-V1","952","nairieberry","ko-KR/ExcelOutputAsset/BeastStage.json","4605","CF37D30CE3F6AB8A31AA0272BB890526255D866AF959B39EBFB32F26098A522E"
"1","HI3-STAGE-HELPERS-MIXED-20260615-V1","953","nairieberry","ko-KR/ExcelOutputAsset/BeastStageDisplay.json","19506","2E4C60F78B989ECF5C289665238B865E44A14DEB04B99955661411D6D796269D"
"1","HI3-STAGE-HELPERS-MIXED-20260615-V1","954","nairieberry","ko-KR/ExcelOutputAsset/ChallengeWarStageData.json","20509","B1A6DE1CEBCD64F61AF3ACE1AD1A22BC59A88207589BECF6CA3A0B02BD4E811C"
"1","HI3-STAGE-HELPERS-MIXED-20260615-V1","955","nairieberry","ko-KR/ExcelOutputAsset/ChallengeWarStageFloor.json","2775","39E9E769A2396C87DDDC54493C3C30C5D8533E5FAC2543EA2445534E4261367A"
"1","HI3-STAGE-HELPERS-MIXED-20260615-V1","956","nairieberry","ko-KR/ExcelOutputAsset/ChapterActivityStage.json","76764","5E38F77ED8194AE837E773B72A1837844A4FD956FF133FEF664739CFA3B1CEE3"
"1","HI3-STAGE-HELPERS-MIXED-20260615-V1","957","nairieberry","ko-KR/ExcelOutputAsset/ChapterCultivateLevelData.json","25310","8551305EB2DDE4406C3AF12F9A55556A6455E67C51008FE677EA565EBDDD4799"
"1","HI3-STAGE-HELPERS-MIXED-20260615-V1","958","nairieberry","ko-KR/ExcelOutputAsset/ChapterCultivateMonster.json","822","235A80F5D4AEB0BAD2F227DDCC6AFBCDCBE1737FE8D3DAB4F72AC030C85F851E"
"1","HI3-STAGE-HELPERS-MIXED-20260615-V1","959","nairieberry","ko-KR/ExcelOutputAsset/CollectionMonsterData.json","11861","D90E9CA27A8E553E01DF113577A371B36554DF6347FF26F2F415A0741C69FA60"
"1","HI3-STAGE-HELPERS-MIXED-20260615-V1","960","nairieberry","ko-KR/ExcelOutputAsset/CompetitionSeasonLevel.json","9375","5AA098B33EE9471FC00BBE99EE4FF024A584E67D5BA84CF6DED9FF962B41A1AD"
"1","HI3-STAGE-HELPERS-MIXED-20260615-V1","961","nairieberry","ko-KR/ExcelOutputAsset/CoupleTowerStage.json","3405","79CF2737ECD3C7EB27F4DDED0E449BE2CC80528CDB57AFEE281196FCF1835958"
"1","HI3-STAGE-HELPERS-MIXED-20260615-V1","962","nairieberry","ko-KR/ExcelOutputAsset/CrisisModeStageConfig.json","633","DEABBE47699FE38E8268443DFD016F26D87B6F4DBB6CEA89CCD5221349CBB94C"
"1","HI3-STAGE-HELPERS-MIXED-20260615-V1","963","nairieberry","ko-KR/ExcelOutputAsset/CrisisModeStageGroupConfig.json","344","72D41E3A25E0DBAB59B918170526C2F907680A72FD97F9ECF57667524A4B4C99"
"1","HI3-STAGE-HELPERS-MIXED-20260615-V1","964","nairieberry","ko-KR/ExcelOutputAsset/DLCLevelData.json","17636","B1A5EE7E1201698C571270621CD4B40E9D52115C9EEA7EBDBA23BA703FDD1872"
"1","HI3-STAGE-HELPERS-MIXED-20260615-V1","965","nairieberry","ko-KR/ExcelOutputAsset/DLCLevelDiff.json","372","C50E300F1F3E58D755D5EA1F3901A6B29B67A5D4FCEE03D0268DE7E3608314D0"
"1","HI3-STAGE-HELPERS-MIXED-20260615-V1","966","nairieberry","ko-KR/ExcelOutputAsset/DLCRecommendLevel.json","2235","5F34A789187035EC5FDCFB611C6C3B0645C8FD7D4F8E69C3A1D6BF7E9C16ED9D"
"1","HI3-STAGE-HELPERS-MIXED-20260615-V1","967","nairieberry","ko-KR/ExcelOutputAsset/DLCSupportLevelData.json","433","8FD4B10FFA4EC9547DFDE57D157B327EDBDAA2CE9766EB10A0A29EFB594A236B"
"1","HI3-STAGE-HELPERS-MIXED-20260615-V1","968","nairieberry","ko-KR/ExcelOutputAsset/DLCTalentLevelData.json","231759","46AA08E23CE11E1BB2D57BA818573B99D1BEDBBE8CA435F40AF707178DF4EB13"
"1","HI3-STAGE-HELPERS-MIXED-20260615-V1","969","nairieberry","ko-KR/ExcelOutputAsset/DLCTowerMonster.json","1521","82CE44F899AF8DB2F70227527ACA2484AA6B05A0490C9B83B0540BFE37986A63"
"1","HI3-STAGE-HELPERS-MIXED-20260615-V1","970","nairieberry","ko-KR/ExcelOutputAsset/DailyMPStageData.json","5658","721471620342A3BF10FE4704FBCB22CA679098D9AD01537C784F2523D64A5082"
"1","HI3-STAGE-HELPERS-MIXED-20260615-V1","971","nairieberry","ko-KR/ExcelOutputAsset/Decrypted/StageData_Main.json","30645444","C3F803843B4F2372F18CDFB96CDEE6072F31BFA825A12B5BE60F642CF724EF44"
"1","HI3-STAGE-HELPERS-MIXED-20260615-V1","972","nairieberry","ko-KR/ExcelOutputAsset/ElfLevelData.json","4674","A20B1D687221C88BC3EF2599C3788743972666B10B77AD85931D1A9FB7C121D8"
"1","HI3-STAGE-HELPERS-MIXED-20260615-V1","973","nairieberry","ko-KR/ExcelOutputAsset/ElfTalentLevelData.json","32919","100FB64F382692DA28E127A924088FF41B7E47092AD31B957219A02312969B45"
"1","HI3-STAGE-HELPERS-MIXED-20260615-V1","974","nairieberry","ko-KR/ExcelOutputAsset/EliteStage.json","27283","7C654FA4A3024F2C22650E6080410FEDE74A6B46E5E563C2FA66C085E55F7F37"
"1","HI3-STAGE-HELPERS-MIXED-20260615-V1","975","nairieberry","ko-KR/ExcelOutputAsset/EliteStageCompensation.json","33231","D85FF3BC9A162E3FCB8138BF4B1E0F86C3C2C7E3813C4FFD23638D622FD0251D"
"1","HI3-STAGE-HELPERS-MIXED-20260615-V1","976","nairieberry","ko-KR/ExcelOutputAsset/EquipmentLevelData.json","39147","A1B63C9EF8596DAFD55A4B8C07F578054BA78946DF7C93F70A326CF26029C288"
"1","HI3-STAGE-HELPERS-MIXED-20260615-V1","977","nairieberry","ko-KR/ExcelOutputAsset/ExBossLevelData.json","1743","E49D409A95C82201AA32C2A145AE7A6EB6FC93713B7C1FB58FD410842DD6A0D7"
"1","HI3-STAGE-HELPERS-MIXED-20260615-V1","978","nairieberry","ko-KR/ExcelOutputAsset/ExBossMonsterData.json","1105304","A7895547AB5DAEEED4082BD442568B18111E5EFA2A69D479B5BCDE93BF33E883"
"1","HI3-STAGE-HELPERS-MIXED-20260615-V1","979","nairieberry","ko-KR/ExcelOutputAsset/ExBossMonsterSchedule.json","61951","B7CEC4DF2FC5FC511CE6CB1491B5E928B3A6B56FC26B40F2C97E859F8FDC9610"
"1","HI3-STAGE-HELPERS-MIXED-20260615-V1","980","nairieberry","ko-KR/ExcelOutputAsset/FarmLevel.json","934","64BCC45E5B561B7B19DDE271FAF405FA07C282F1A0992E9F0E0277743DD63C33"
"1","HI3-STAGE-HELPERS-MIXED-20260615-V1","981","nairieberry","ko-KR/ExcelOutputAsset/FastPassLevel.json","10883","C1E2C94C68EC3CC4148066B835105823E5B43607B1C94745C79961C9C30B0EFA"
"1","HI3-STAGE-HELPERS-MIXED-20260615-V1","982","nairieberry","ko-KR/ExcelOutputAsset/GeneralActivityStage.json","67469","B650EA088907627F8C727659C6E2CCA8C91125378CE60248C30A695EE97FEDAF"
"1","HI3-STAGE-HELPERS-MIXED-20260615-V1","983","nairieberry","ko-KR/ExcelOutputAsset/GeneralActivityStageGroup.json","236375","09E269E656971C6238F5D438FD9C484DA96F2CD5267165AD78CB61CE821B585D"
"1","HI3-STAGE-HELPERS-MIXED-20260615-V1","984","nairieberry","ko-KR/ExcelOutputAsset/GeneralActivityStageHomu.json","645","158923BE7F7260526DF60B5010EF376A1E404F862958C55BEC50AE9E9B027E9C"
"1","HI3-STAGE-HELPERS-MIXED-20260615-V1","985","nairieberry","ko-KR/ExcelOutputAsset/GeneralActivityStageReward.json","2","4F53CDA18C2BAA0C0354BB5F9A3ECBE5ED12AB4D8E11BA873C2F11161202B945"
"1","HI3-STAGE-HELPERS-MIXED-20260615-V1","986","nairieberry","ko-KR/ExcelOutputAsset/GlobalArmadaReunionLevel.json","6847","236E14F77ADDECEA145F03DAD83C65B4714A3A06057984876D7BCC487A7DDD75"
"1","HI3-STAGE-HELPERS-MIXED-20260615-V1","987","nairieberry","ko-KR/ExcelOutputAsset/GlobalWarStage.json","28455","55C10A503E1D86E2E08BC93D80310A47FDED7B81E2D9552FB68C5463E0CE35FA"
"1","HI3-STAGE-HELPERS-MIXED-20260615-V1","988","nairieberry","ko-KR/ExcelOutputAsset/GrandKeyLevel.json","10019","F2599A409A93C0CB21134B56DC937C9FFC2A238FF87EC2F7192873C45D718A28"
"1","HI3-STAGE-HELPERS-MIXED-20260615-V1","989","nairieberry","ko-KR/ExcelOutputAsset/GratuityStage.json","45611","881DEDBF3EB8217564089E4D0A7D4AA9032ACAF3259A090C63E072880C3F96E3"
"1","HI3-STAGE-HELPERS-MIXED-20260615-V1","990","nairieberry","ko-KR/ExcelOutputAsset/GratuityStageClass.json","18426","F1388DF69BB70FE41038A237FE8CD39F891A1A80F85BDE4E8CC8E95E9E860CA6"
"1","HI3-STAGE-HELPERS-MIXED-20260615-V1","991","nairieberry","ko-KR/ExcelOutputAsset/InLevelDialog.json","334459","71EC1AA856D6628700707B4A878743E0322791A26343A8AC135AD75F3347FDDE"
"1","HI3-STAGE-HELPERS-MIXED-20260615-V1","992","nairieberry","ko-KR/ExcelOutputAsset/KingdomsStage.json","71316","64F20E18A3466F254A488C3F08A067A7BDCC4CFCD02B5C84A677F8082B6A65AB"
"1","HI3-STAGE-HELPERS-MIXED-20260615-V1","993","nairieberry","ko-KR/ExcelOutputAsset/KingdomsWarStageCurrency.json","3211","F2841EF87460540DA07286F7CFE63806CBEB519DF4D58F2496D4D76369844627"
"1","HI3-STAGE-HELPERS-MIXED-20260615-V1","994","nairieberry","ko-KR/ExcelOutputAsset/LevelMatrixArmadaData.json","378","6AEF61D3273F5326B3608D7C91F91AC404A0281BF1273D02655AD6AF233228C6"
"1","HI3-STAGE-HELPERS-MIXED-20260615-V1","995","nairieberry","ko-KR/ExcelOutputAsset/LevelMatrixBlockData.json","333","6652C3237FE7A1E7E28C9803A342BED893D900B20EA04BCB5005C9B5B128C786"
"1","HI3-STAGE-HELPERS-MIXED-20260615-V1","996","nairieberry","ko-KR/ExcelOutputAsset/LevelMatrixBuffData.json","1704","62644E0B0EC97246CFF92DE80BDFA89B61CD7C12D50CF5162E8A93C2531CCDF6"
"1","HI3-STAGE-HELPERS-MIXED-20260615-V1","997","nairieberry","ko-KR/ExcelOutputAsset/LevelMatrixEventDialog.json","4287","CA5F8DF2CB3C1ED1381B11A4B9390252E45CCF282AC17B8A2C34B1043CC68430"
"1","HI3-STAGE-HELPERS-MIXED-20260615-V1","998","nairieberry","ko-KR/ExcelOutputAsset/LevelMatrixFloorData.json","771","F28A1480CCB599DCB2ABD33E00E6808F282221577CF638D2508D78C54419AD86"
"1","HI3-STAGE-HELPERS-MIXED-20260615-V1","999","nairieberry","ko-KR/ExcelOutputAsset/LevelMatrixFloorRequirement.json","2","4F53CDA18C2BAA0C0354BB5F9A3ECBE5ED12AB4D8E11BA873C2F11161202B945"
"1","HI3-STAGE-HELPERS-MIXED-20260615-V1","1000","nairieberry","ko-KR/ExcelOutputAsset/LevelMatrixGoods.json","908","E99D4FF4FC6473DAC60144A505CD32BA1B15784571FF4669692CB7A81CF31DA7"
"1","HI3-STAGE-HELPERS-MIXED-20260615-V1","1001","nairieberry","ko-KR/ExcelOutputAsset/LevelMatrixGridIndex.json","40163","0BE8AD919214D93B540348B93B057CDD911E6CE391D26A84DBD462C92DE70257"
"1","HI3-STAGE-HELPERS-MIXED-20260615-V1","1002","nairieberry","ko-KR/ExcelOutputAsset/LevelMatrixLevelLogic.json","16122","65E969EAE524C2A6D74F0173677F3563010C0685C23CF3C60E558C34ABECBF87"
"1","HI3-STAGE-HELPERS-MIXED-20260615-V1","1003","nairieberry","ko-KR/ExcelOutputAsset/LevelMatrixMapInfo.json","536","8D03B98F34810061F37246DE019B46402AD2D2C5E2C0D487C668259ECA02B71D"
"1","HI3-STAGE-HELPERS-MIXED-20260615-V1","1004","nairieberry","ko-KR/ExcelOutputAsset/LevelMatrixMessage.json","585","FF8BCF8C1659FEB145F8DC3BCE022613D5CFF728BA4AF528299F32F2B5AF6981"
"1","HI3-STAGE-HELPERS-MIXED-20260615-V1","1005","nairieberry","ko-KR/ExcelOutputAsset/LevelMatrixMonsterData.json","32349","5275119C20139E6B631CFCAC1CD93CE3CD9C0913A95BE4A20F3B33F0D709E305"
"1","HI3-STAGE-HELPERS-MIXED-20260615-V1","1006","nairieberry","ko-KR/ExcelOutputAsset/LevelMatrixPresetData.json","25292","3E37B9383A553EEDDB6E18050B6C2DC82E285D1A7F23CAB2E99E9D377EB90E1F"
"1","HI3-STAGE-HELPERS-MIXED-20260615-V1","1007","nairieberry","ko-KR/ExcelOutputAsset/LevelMatrixSchedule.json","2","4F53CDA18C2BAA0C0354BB5F9A3ECBE5ED12AB4D8E11BA873C2F11161202B945"
"1","HI3-STAGE-HELPERS-MIXED-20260615-V1","1008","nairieberry","ko-KR/ExcelOutputAsset/LevelMatrixScoreBonus.json","10409","8D37603378B8D8C4E0F53C11C2052518307E174D57748821373774B1F109AB1F"
"1","HI3-STAGE-HELPERS-MIXED-20260615-V1","1009","nairieberry","ko-KR/ExcelOutputAsset/LevelMatrixSuddenEvent.json","17498","89A08957A60EF66049680B27FD6E7E183522875A050ADAE90AF8F0F509221BD4"
"1","HI3-STAGE-HELPERS-MIXED-20260615-V1","1010","nairieberry","ko-KR/ExcelOutputAsset/LevelMatrixTheme.json","3026","EDC61F8A64E22828B58996777FB3EC77E5EFCD7E48B03CB32D92313F3DA748DB"
"1","HI3-STAGE-HELPERS-MIXED-20260615-V1","1011","nairieberry","ko-KR/ExcelOutputAsset/LevelMatrixTreasureBox.json","1677","619352328A4A02AB753FE981598469E860C38C586A04B21DA74439712A863854"
"1","HI3-STAGE-HELPERS-MIXED-20260615-V1","1012","nairieberry","ko-KR/ExcelOutputAsset/LevelMatrixUseItem.json","1267","9B99A5D38F7B513C3A6E37B07CC58EA66C3AAB8EE23B86840D9C68D88DB06748"
"1","HI3-STAGE-HELPERS-MIXED-20260615-V1","1013","nairieberry","ko-KR/ExcelOutputAsset/LevelSave.json","4960","05DA862143326955E919C8C7010D9DFE228E0B15D061EA16321198A0BA81B23C"
"1","HI3-STAGE-HELPERS-MIXED-20260615-V1","1014","nairieberry","ko-KR/ExcelOutputAsset/LevelStatistics.json","249428","41A015BE765490674D25A65D1C68DE328E6FD6008971717249DCA7DC0A0890E5"
"1","HI3-STAGE-HELPERS-MIXED-20260615-V1","1015","nairieberry","ko-KR/ExcelOutputAsset/LevelTrialData.json","785143","031A2732E7AC50D67A4F0B4AB0A3D4B8460C11669A21A80F68D9768A293EAFDA"
"1","HI3-STAGE-HELPERS-MIXED-20260615-V1","1016","nairieberry","ko-KR/ExcelOutputAsset/MPLevel.json","25355","F6E346D4985380D675ED2DE039C960D23372F3E038BDD478AB02B70B12EAF1B1"
"1","HI3-STAGE-HELPERS-MIXED-20260615-V1","1017","nairieberry","ko-KR/ExcelOutputAsset/MPStageBuff.json","720","F5CEE4F8DB8DF211030392D17A3DE7FACFAE71CE408CB48FF75EE88E104DC327"
"1","HI3-STAGE-HELPERS-MIXED-20260615-V1","1018","nairieberry","ko-KR/ExcelOutputAsset/MPStageData.json","917117","F22EDD232CF3EBAC9D25DD842FA1E6B2EADD54C2391B7E6DC5005D20098D2FA4"
"1","HI3-STAGE-HELPERS-MIXED-20260615-V1","1019","nairieberry","ko-KR/ExcelOutputAsset/MPStagePlayerLevelDrop.json","7138","E1F061F1E1F136DEFE58260A559CC3AB84A9852DC934F491217F4EF9A37C2CCC"
"1","HI3-STAGE-HELPERS-MIXED-20260615-V1","1020","nairieberry","ko-KR/ExcelOutputAsset/MainstageEvent.json","11013","1EE8ABB5D818572A33904F00D7BF4BBFD96B7581094600D0DF9198D873DFA99F"
"1","HI3-STAGE-HELPERS-MIXED-20260615-V1","1021","nairieberry","ko-KR/ExcelOutputAsset/MapLevelData.json","12352","CA9FFFF33AE591AF1B1EAFEAE397218FA799837F8EB9F8BC06DE976ED8F1EB01"
"1","HI3-STAGE-HELPERS-MIXED-20260615-V1","1022","nairieberry","ko-KR/ExcelOutputAsset/MapSiteQualityConfig.json","1399","FD3D1D578D2E9F3E5AFBB07A102A0D986935E9CC9E85AEFA45B27F9E33F17E86"
"1","HI3-STAGE-HELPERS-MIXED-20260615-V1","1023","nairieberry","ko-KR/ExcelOutputAsset/MapSiteScheduleData.json","8742","90DBE3410DCB32AA82CE4F79EAB0451D4FDF8572C61CAC562F66E5D1A1DED909"
"1","HI3-STAGE-HELPERS-MIXED-20260615-V1","1024","nairieberry","ko-KR/ExcelOutputAsset/MapSiteStageData.json","50115","086B4FE9CA55A6D24F5F7238240C557B8AEA5F3D123F7E591179E25D6C9133FD"
"1","HI3-STAGE-HELPERS-MIXED-20260615-V1","1025","nairieberry","ko-KR/ExcelOutputAsset/MassiveWarMonsterData.json","1731","2FCCFFCFBBD720F1D20F59740186C9F6AB2EFE367ACEE6ADF67978E80E36DB3B"
"1","HI3-STAGE-HELPERS-MIXED-20260615-V1","1026","nairieberry","ko-KR/ExcelOutputAsset/MassiveWarStage.json","3171","41E7FE71FC0562F9DAAF891F97441746D20A124CF6D3928E4DA7613E6BD758D9"
"1","HI3-STAGE-HELPERS-MIXED-20260615-V1","1027","nairieberry","ko-KR/ExcelOutputAsset/MassiveWarStageInfo.json","939","8D45194B596025D7E2F36D458C033022FF98BF8849C629F927CE4585FCBDBC45"
"1","HI3-STAGE-HELPERS-MIXED-20260615-V1","1028","nairieberry","ko-KR/ExcelOutputAsset/MentorFameLevelData.json","1934","68697A8E72F8CA02FF7D3D8B46A3077B40289931F716D06E904822A4082F6309"
"1","HI3-STAGE-HELPERS-MIXED-20260615-V1","1029","nairieberry","ko-KR/ExcelOutputAsset/MiniBossExamHardStageData.json","14921","B818F1DE01B11BFDF9300A8229925EDA90C64398A1DDE3DF444B0FDDA826EC78"
"1","HI3-STAGE-HELPERS-MIXED-20260615-V1","1030","nairieberry","ko-KR/ExcelOutputAsset/MiniSkyFire_Stage.json","6294","31C626874C5A2AD0E9AECF509659930C67A39FC10429EBB505F860E0E19A87D3"
"1","HI3-STAGE-HELPERS-MIXED-20260615-V1","1031","nairieberry","ko-KR/ExcelOutputAsset/MonopolyLevelInfo.json","186186","D56387C77295D96AC82A3033776E12A7D5DB99BCF46DC2B2924E95712735A201"
"1","HI3-STAGE-HELPERS-MIXED-20260615-V1","1032","nairieberry","ko-KR/ExcelOutputAsset/MonsterConfigData.json","279349","B4595EE27C035531A33E039B1EFF875373FD1413F483B0D267D63C2FC6D4C104"
"1","HI3-STAGE-HELPERS-MIXED-20260615-V1","1033","nairieberry","ko-KR/ExcelOutputAsset/MonsterResistance.json","50191","82CED73BDD4CD511D6BAAFB70C21447E94D294B64941C975540F19E6F8ED5FE2"
"1","HI3-STAGE-HELPERS-MIXED-20260615-V1","1034","nairieberry","ko-KR/ExcelOutputAsset/MonsterWikiData.json","24018","4FCDEC0A222F3FD24873CD8F7C2C81F1837CFB01B496EDB8B0892F5DBDE91FD8"
"1","HI3-STAGE-HELPERS-MIXED-20260615-V1","1035","nairieberry","ko-KR/ExcelOutputAsset/MonsterWikiDescConfig.json","47911","5DF3F6851728F6F213E523E1D90BA05FE573D4D6917DEDD34087BC39432D032F"
"1","HI3-STAGE-HELPERS-MIXED-20260615-V1","1036","nairieberry","ko-KR/ExcelOutputAsset/MonsterWikiPage.json","932","81D851CD662FFF6108EC3A2A7C9111FE26D3F03BC25F42EC04CD5B4053124A96"
"1","HI3-STAGE-HELPERS-MIXED-20260615-V1","1037","nairieberry","ko-KR/ExcelOutputAsset/NPCLevelLogic.json","2118840","AC76C9C24E09A5421C7E6C53F2B0D637E3546CF2804B17F057167317F39B8D4E"
"1","HI3-STAGE-HELPERS-MIXED-20260615-V1","1038","nairieberry","ko-KR/ExcelOutputAsset/NewbieActivityLevelReward.json","23741","E8289DE4A92A5E2402CDF798838D105D9CE056529D9FE2236DCB8D87D63CC3F8"
"1","HI3-STAGE-HELPERS-MIXED-20260615-V1","1039","nairieberry","ko-KR/ExcelOutputAsset/NewbieActivityStageMission.json","39265","8E8E9442BD5C057B50C53BB38320EB0D09B10039AE6A04611688182BFE7F331C"
"1","HI3-STAGE-HELPERS-MIXED-20260615-V1","1040","nairieberry","ko-KR/ExcelOutputAsset/NinjaSlotLevel.json","12195","E193E6F6B9B758B4FA7CF7E53126414D3FE8BA50DC3C9C913AE3A523FB815C6C"
"1","HI3-STAGE-HELPERS-MIXED-20260615-V1","1041","nairieberry","ko-KR/ExcelOutputAsset/OVOStageEffect.json","2","4F53CDA18C2BAA0C0354BB5F9A3ECBE5ED12AB4D8E11BA873C2F11161202B945"
"1","HI3-STAGE-HELPERS-MIXED-20260615-V1","1042","nairieberry","ko-KR/ExcelOutputAsset/OVOStageRobot.json","1456","AE0EE466A60CB0433A1125F011228B5F2993C7393629AB3CEC7E664DF77DCFE6"
"1","HI3-STAGE-HELPERS-MIXED-20260615-V1","1043","nairieberry","ko-KR/ExcelOutputAsset/OWActivityLevelData.json","1634","A196F66B13602AB7B92E83D1A86638FB7939B2E43BF3D54981F117C3C6342070"
"1","HI3-STAGE-HELPERS-MIXED-20260615-V1","1044","nairieberry","ko-KR/ExcelOutputAsset/OWEndlessMonsterData.json","462391","2AAA5A269A17BDE103C2064A528DAEA3FEBD3614FE5EE3530A11D7C7E7DA56C8"
"1","HI3-STAGE-HELPERS-MIXED-20260615-V1","1045","nairieberry","ko-KR/ExcelOutputAsset/OWEndlessMonsterGroupScore.json","144495","6303A39BDD67ECFB6C0D8429B26877C114A979165416AB185D0407887032E624"
"1","HI3-STAGE-HELPERS-MIXED-20260615-V1","1046","nairieberry","ko-KR/ExcelOutputAsset/OWEndlessMonsterInitType.json","242904","A578E75494B40147EBEA24D157C1B418B7672C68BD50749D9BE85B3F6A970937"
"1","HI3-STAGE-HELPERS-MIXED-20260615-V1","1047","nairieberry","ko-KR/ExcelOutputAsset/OWEndlessSingleModeStage.json","780","0DB024D2E9C834B230C07DF71CC8B1500EFA513237C0B95D0EC4D91A7D896C78"
"1","HI3-STAGE-HELPERS-MIXED-20260615-V1","1048","nairieberry","ko-KR/ExcelOutputAsset/OWEndlessSingleMonsterGroup.json","4210","A3E187865C1FE179435654839B66BF3B2C4461384D8799261BE07DD90AC72ABF"
"1","HI3-STAGE-HELPERS-MIXED-20260615-V1","1049","nairieberry","ko-KR/ExcelOutputAsset/OpenWorldDestinyLevelDiff.json","384","275B42CCF22C14365812EBA34C8F3AFF01F0BA666BEB2CA573C3588AF459CD04"
"1","HI3-STAGE-HELPERS-MIXED-20260615-V1","1050","nairieberry","ko-KR/ExcelOutputAsset/OpenWorldQuestLevelData.json","5235","A5C65CD7B1F2F16F8D78E937E42D72214DDE8188824C0DC5C499F6201DB01486"
"1","HI3-STAGE-HELPERS-MIXED-20260615-V1","1051","nairieberry","ko-KR/ExcelOutputAsset/OpenWorldQuestMapLevel.json","26178","C88F20121E77E3A0941F878E448A827F0595A39144FDCDE636B2918608C6A443"
"1","HI3-STAGE-HELPERS-MIXED-20260615-V1","1052","nairieberry","ko-KR/ExcelOutputAsset/OpenWorldQuestMonsterPower.json","5056","40FD026549D2076574C5A84089C0ECE1FC8A8F483FF3690BA411C425A3F93F23"
"1","HI3-STAGE-HELPERS-MIXED-20260615-V1","1053","nairieberry","ko-KR/ExcelOutputAsset/PlayerLevelData.json","20246","B337E81174765D7632E76226E9E95393A9D2C71A6B239072D25BB8D13F41A7B1"
"1","HI3-STAGE-HELPERS-MIXED-20260615-V1","1054","nairieberry","ko-KR/ExcelOutputAsset/PlayerLevelLock.json","1903","0C51DCD218CCEBCCFAB37CA41EB8BD010B206BD39590B7A632965491348DAD20"
"1","HI3-STAGE-HELPERS-MIXED-20260615-V1","1055","nairieberry","ko-KR/ExcelOutputAsset/QTEndlessMonsterData.json","93111","4C805DD9FDDDA8AD50EDA1CDF770D19BAE47F2B20D74614E83D4179CBBF387C3"
"1","HI3-STAGE-HELPERS-MIXED-20260615-V1","1056","nairieberry","ko-KR/ExcelOutputAsset/QTEndlessMonsterWave.json","70620","A0B001330CC2BA3355E4F53E002673BDA5B7E76D0D66913A10E1F803293BFBD1"
"1","HI3-STAGE-HELPERS-MIXED-20260615-V1","1057","nairieberry","ko-KR/ExcelOutputAsset/RandomEffectLevel.json","4872","DEB95503175FB917682FC5271C51C2E3D223A72F89FB77B58171A15BDE8E06AF"
"1","HI3-STAGE-HELPERS-MIXED-20260615-V1","1058","nairieberry","ko-KR/ExcelOutputAsset/ReclaimEventLevel.json","11576","8AC33FB6D1CB1485FC4225B6701A1BF7211F650EC493E10415F2B9995381EA98"
"1","HI3-STAGE-HELPERS-MIXED-20260615-V1","1059","nairieberry","ko-KR/ExcelOutputAsset/ReclaimEventStageList.json","6692","90F5525FF1B722455D1A4D36E6A56A8801A38C69609AC4AF18A9470859F4C386"
"1","HI3-STAGE-HELPERS-MIXED-20260615-V1","1060","nairieberry","ko-KR/ExcelOutputAsset/RelationStageBonusDrop.json","8865","7E74729AC412A06B5B55919BF504C3EFF15BB94C88EB8A9C2E110FA74F9F9D8D"
"1","HI3-STAGE-HELPERS-MIXED-20260615-V1","1061","nairieberry","ko-KR/ExcelOutputAsset/RestrictExtend_Stage.json","15053","43AC1F8CAE2B8CA417D26F631914B0B749D5C85D23227D54E8C28B241695B10C"
"1","HI3-STAGE-HELPERS-MIXED-20260615-V1","1062","nairieberry","ko-KR/ExcelOutputAsset/ReunionCookStage.json","2043","29D61CF15BF1A65F4447F16618F7720FEC3795467A540FC9BEB184316774D9A3"
"1","HI3-STAGE-HELPERS-MIXED-20260615-V1","1063","nairieberry","ko-KR/ExcelOutputAsset/RichMonsterInfo.json","29102","6454F14CFB14E24C9993380CE5289B322574EDA8EE55D186CBA06AFBAA838F5A"
"1","HI3-STAGE-HELPERS-MIXED-20260615-V1","1064","nairieberry","ko-KR/ExcelOutputAsset/RogueStageAvatarPosData.json","594","64ADA46BAD4B333EF28F7C62697F1E4C5D48149A3C106C9C109D5C2602024748"
"1","HI3-STAGE-HELPERS-MIXED-20260615-V1","1065","nairieberry","ko-KR/ExcelOutputAsset/RogueStageData.json","270924","7FC6C849634D17D27C2F9A89E16B4B2F8721B0DEF03788377C53B510BD55325C"
"1","HI3-STAGE-HELPERS-MIXED-20260615-V1","1066","nairieberry","ko-KR/ExcelOutputAsset/RogueStageDebuffData.json","1888","EA636910D157F841ACD6C1E5B5A674FEF6074B3BF69D63E5B441F8940A7B3BFD"
"1","HI3-STAGE-HELPERS-MIXED-20260615-V1","1067","nairieberry","ko-KR/ExcelOutputAsset/RogueStageHardLevelData.json","452","D6B85FFDB31FB15283A60ACC6DEDC241FDA3E4358D895B1D9AABDB04504A281D"
"1","HI3-STAGE-HELPERS-MIXED-20260615-V1","1068","nairieberry","ko-KR/ExcelOutputAsset/RogueStageLuaData.json","2625","74BB2C56E2F89CED046ADA1733D30D38C1F3E658AB594202C7FD9464186F263D"
"1","HI3-STAGE-HELPERS-MIXED-20260615-V1","1069","nairieberry","ko-KR/ExcelOutputAsset/RogueTowerStage.json","75954","797ACB02E7F34EA7E4A10665BAB16EAB0FA51371A46037D6C68DF9B04EF3ADD9"
"1","HI3-STAGE-HELPERS-MIXED-20260615-V1","1070","nairieberry","ko-KR/ExcelOutputAsset/RpgLevelProgress.json","2526","BD4E4C7502DC955396B4F03C285834A6DBC919132FAD6966BEB0C2CC08DBDF9A"
"1","HI3-STAGE-HELPERS-MIXED-20260615-V1","1071","nairieberry","ko-KR/ExcelOutputAsset/RpgStageDrop.json","21537","48CF9B5F3D8B698EC70F3AA120001EF13C2A5F19F74CCBAF62C850385DB17832"
"1","HI3-STAGE-HELPERS-MIXED-20260615-V1","1072","nairieberry","ko-KR/ExcelOutputAsset/RpgStageScore.json","401259","306580749FA92C03323190EBE0FB1EAE6C6F392BDDF53FE7AE1CB5DC18A00FC2"
"1","HI3-STAGE-HELPERS-MIXED-20260615-V1","1073","nairieberry","ko-KR/ExcelOutputAsset/RpgTaleStageEnterTimes.json","2646","B705511D32BEA08360D0A4094B1FFEDB98E77C0A1D8486A8FE44F5DDAFC7E47C"
"1","HI3-STAGE-HELPERS-MIXED-20260615-V1","1074","nairieberry","ko-KR/ExcelOutputAsset/SanctuaryBuildingLevel.json","2","4F53CDA18C2BAA0C0354BB5F9A3ECBE5ED12AB4D8E11BA873C2F11161202B945"
"1","HI3-STAGE-HELPERS-MIXED-20260615-V1","1075","nairieberry","ko-KR/ExcelOutputAsset/SanctuaryStageConfig.json","17097","6F58C4EC254F0824C5CEA708162D835FB937AB2DFDF67136FFF12C629CBF0355"
"1","HI3-STAGE-HELPERS-MIXED-20260615-V1","1076","nairieberry","ko-KR/ExcelOutputAsset/SingleRaidStepStage.json","6083","53D81E2181F2396B3EAD7DE8C0EAA31A72D8B350AA06032044B2877DA11A879D"
"1","HI3-STAGE-HELPERS-MIXED-20260615-V1","1077","nairieberry","ko-KR/ExcelOutputAsset/StageChallengeData.json","157111","8E6089ADBEF12CB2EAD6A2519E311232DDC4310AB050DB24E9BBFFB55943A58F"
"1","HI3-STAGE-HELPERS-MIXED-20260615-V1","1078","nairieberry","ko-KR/ExcelOutputAsset/StageDamageStatistics.json","10608","DDEF2D45C702DDE1A458BF2DDC1B11080780B5FB54871F48D6BA04D44831717D"
"1","HI3-STAGE-HELPERS-MIXED-20260615-V1","1079","nairieberry","ko-KR/ExcelOutputAsset/StageData_Story.json","11032","DD8B1B9E463DB2F3EA51526973FF645BCC8617B4C52C1DFDCEBADDADE95969DE"
"1","HI3-STAGE-HELPERS-MIXED-20260615-V1","1080","nairieberry","ko-KR/ExcelOutputAsset/StageData_StoryMapped.json","4402","A1776A59F0BFA4B41B0880D034B641F00FF5877295D580977F27EE9795205375"
"1","HI3-STAGE-HELPERS-MIXED-20260615-V1","1081","nairieberry","ko-KR/ExcelOutputAsset/StageDetail.json","1989624","B0A16C261BAA36ED2203B5B2BBE283B82C454E546FB13BED55238401B3EADAD7"
"1","HI3-STAGE-HELPERS-MIXED-20260615-V1","1082","nairieberry","ko-KR/ExcelOutputAsset/StageDetailLayout.json","14671","C603F85359C3434C39285C93D2F59262C94B04006EA4B0374B45043750E2892F"
"1","HI3-STAGE-HELPERS-MIXED-20260615-V1","1083","nairieberry","ko-KR/ExcelOutputAsset/StageDetail_Ability.json","295910","A9CF126B7F3F087F11CD8E7A1B7BBE0217020B3342BFAABC835864A64C67955D"
"1","HI3-STAGE-HELPERS-MIXED-20260615-V1","1084","nairieberry","ko-KR/ExcelOutputAsset/StageDetail_AccumuatorGauge.json","613","8AB8BB241050F1F327FD545AE3D276BAE7AF0CB85922A560459B7837A18B00F3"
"1","HI3-STAGE-HELPERS-MIXED-20260615-V1","1085","nairieberry","ko-KR/ExcelOutputAsset/StageDetail_Effect.json","238970","8A9E4FCB124AE4687C36119A3CFE4F76D1F12C7966057BEC943E697D37ABFFB8"
"1","HI3-STAGE-HELPERS-MIXED-20260615-V1","1086","nairieberry","ko-KR/ExcelOutputAsset/StageDetail_Monster.json","524547","7F97970D51368B3F7DA3C54625710F0F82F35FDC705DBEDE5D58F0051E2F68EC"
"1","HI3-STAGE-HELPERS-MIXED-20260615-V1","1087","nairieberry","ko-KR/ExcelOutputAsset/StageDetail_Monster_Resist.json","6722","0064A5C23C760C1948E4992E0D4AA4E995038A5684D61A7E5B7FC56862BCE10B"
"1","HI3-STAGE-HELPERS-MIXED-20260615-V1","1088","nairieberry","ko-KR/ExcelOutputAsset/StageDetail_Nature.json","492","B980841C3B023A10CF41E135115B9EFA5F141561D89843440EDEAEDC0E45A926"
"1","HI3-STAGE-HELPERS-MIXED-20260615-V1","1089","nairieberry","ko-KR/ExcelOutputAsset/StageDetail_SkillType.json","3738","1CCAFC8D5DEDCB9670DFE1CA4420E26AD9390C33390295FF362AC0D10F2E2BCD"
"1","HI3-STAGE-HELPERS-MIXED-20260615-V1","1090","nairieberry","ko-KR/ExcelOutputAsset/StageDialogData.json","271142","0D08B4B5A43AD7A6D0945DB47119957F26E230B57485BA3F349829C605380730"
"1","HI3-STAGE-HELPERS-MIXED-20260615-V1","1091","nairieberry","ko-KR/ExcelOutputAsset/StageDropItemData.json","498777","1162F1A7A0C39AAF037C6D0974F7081122B9C8EBB8D267247739A52F2F0DE866"
"1","HI3-STAGE-HELPERS-MIXED-20260615-V1","1092","nairieberry","ko-KR/ExcelOutputAsset/StageEffectCarryOn.json","2145","9CC366E981FAA75A013C107C54AD52DFD90C964092A8235F02AE6428594AE9FD"
"1","HI3-STAGE-HELPERS-MIXED-20260615-V1","1093","nairieberry","ko-KR/ExcelOutputAsset/StageEnhanceData.json","17115","B3B6E5663896121CF6F3C3AB50ED96433D410491857154260948EFDF2D5AD319"
"1","HI3-STAGE-HELPERS-MIXED-20260615-V1","1094","nairieberry","ko-KR/ExcelOutputAsset/StageLiveRecommend.json","18363","C2C0C2AADE1FA7A4261541DF971F0A4BD7A1EFBAC2BBFB205A58BC1E459BAD5D"
"1","HI3-STAGE-HELPERS-MIXED-20260615-V1","1095","nairieberry","ko-KR/ExcelOutputAsset/StageMaxScoreData.json","54922","DB23D3FE58323BAE046045A9F7D6CBCE56E7CC98AD1ED4E090B1690F6FB8DB2C"
"1","HI3-STAGE-HELPERS-MIXED-20260615-V1","1096","nairieberry","ko-KR/ExcelOutputAsset/StageMessage.json","3822","21F089F5FDFB657B032ABD329A9C21EA67377FE2B2FF5ACFDC5F645D026D64DE"
"1","HI3-STAGE-HELPERS-MIXED-20260615-V1","1097","nairieberry","ko-KR/ExcelOutputAsset/StageMultiTeamData.json","5825","05BF75C2EB786013AC1D7831F819BB123D6E8A0F8188C6CA0B97DAA06CFBF347"
"1","HI3-STAGE-HELPERS-MIXED-20260615-V1","1098","nairieberry","ko-KR/ExcelOutputAsset/StagePhoto.json","1590","A0376B65DC8D57B1D1A5369B8563CE0790932A575A4554744A78C0E7AB744A72"
"1","HI3-STAGE-HELPERS-MIXED-20260615-V1","1099","nairieberry","ko-KR/ExcelOutputAsset/StageQAvatar.json","2856","ED60AFD2D9B50A83909CC627EEF05468F79FC3CC664F76A015EA257AF391E753"
"1","HI3-STAGE-HELPERS-MIXED-20260615-V1","1100","nairieberry","ko-KR/ExcelOutputAsset/StageRandomEffect.json","3803","8B36D95F28C2F83176DF692EC77E33D7844146C40B1AD0E57D4D065A8B6C584E"
"1","HI3-STAGE-HELPERS-MIXED-20260615-V1","1101","nairieberry","ko-KR/ExcelOutputAsset/StageRankConfig.json","267","95BF12A5F2B86454D0F58DCA76C4D4772392D15C1641FB64E7A1050C8F1D49EE"
"1","HI3-STAGE-HELPERS-MIXED-20260615-V1","1102","nairieberry","ko-KR/ExcelOutputAsset/StageRankGroupConfig.json","137","4730D215EC36F3A72DB267B9F46F6572C41D0DA92BEF4939EC5BE6FA1F0CFC83"
"1","HI3-STAGE-HELPERS-MIXED-20260615-V1","1103","nairieberry","ko-KR/ExcelOutputAsset/StageReChanllenge.json","46594","598B1E79F0A0502B37D944B0F62DFF01A6221465F5EAF769130418E2ACD48DBA"
"1","HI3-STAGE-HELPERS-MIXED-20260615-V1","1104","nairieberry","ko-KR/ExcelOutputAsset/StageResetCostData.json","25040","5F54D7BF5F9A46509A0FDCC2F7B4CADCB73762129A962A6ADACBE8B2104A9387"
"1","HI3-STAGE-HELPERS-MIXED-20260615-V1","1105","nairieberry","ko-KR/ExcelOutputAsset/StageResistanceData.json","3019","2F1DE4A1986076907923A20484E6B30893700368390EEED54FDED400B0CE17D0"
"1","HI3-STAGE-HELPERS-MIXED-20260615-V1","1106","nairieberry","ko-KR/ExcelOutputAsset/StageRestrictData.json","146974","67316F55A633C2AA8439DDE4C743EC983FA391D95869C320E742238A81095C80"
"1","HI3-STAGE-HELPERS-MIXED-20260615-V1","1107","nairieberry","ko-KR/ExcelOutputAsset/StageRestrictExtend.json","28968","AD10037B58100A33D0D0D7857E076EE689EB0694D950C6C82F12C756D6294D8C"
"1","HI3-STAGE-HELPERS-MIXED-20260615-V1","1108","nairieberry","ko-KR/ExcelOutputAsset/StageReviveCostData.json","3112","614C2B84A1119793D6347515601AF675EA58C8F4BF0CEB08560C3175A1AD4683"
"1","HI3-STAGE-HELPERS-MIXED-20260615-V1","1109","nairieberry","ko-KR/ExcelOutputAsset/StageScoreReward.json","2075003","3F4E346CE3D0E0396DA4446A6E21A9407627F5F0D5611F50211A50901743556A"
"1","HI3-STAGE-HELPERS-MIXED-20260615-V1","1110","nairieberry","ko-KR/ExcelOutputAsset/StageScoreRewardDisplay.json","658","54F4A34B7F2ED7DEABE59CD4E2BD7BBC308768D0BDCB7A1F005BA20046026647"
"1","HI3-STAGE-HELPERS-MIXED-20260615-V1","1111","nairieberry","ko-KR/ExcelOutputAsset/StageTutorialData.json","1019","C937749D81466A01C5A2D527F584D831A4A9836441CA6E0E7EEF621A659BA61E"
"1","HI3-STAGE-HELPERS-MIXED-20260615-V1","1112","nairieberry","ko-KR/ExcelOutputAsset/StageTypeData.json","4729","AF95494A4DF38AE9C26245F3436CE1A378F2C4AF0F94C2B7F66DC54EB6C934F8"
"1","HI3-STAGE-HELPERS-MIXED-20260615-V1","1113","nairieberry","ko-KR/ExcelOutputAsset/TVTCardLevel.json","2","4F53CDA18C2BAA0C0354BB5F9A3ECBE5ED12AB4D8E11BA873C2F11161202B945"
"1","HI3-STAGE-HELPERS-MIXED-20260615-V1","1114","nairieberry","ko-KR/ExcelOutputAsset/TVTInLevelInteraction.json","827","3CFDDFBF7B532E8E456B44AFAFBD3936054C5709D77DF593FA831938FE44FE49"
"1","HI3-STAGE-HELPERS-MIXED-20260615-V1","1115","nairieberry","ko-KR/ExcelOutputAsset/TVTStage.json","2","4F53CDA18C2BAA0C0354BB5F9A3ECBE5ED12AB4D8E11BA873C2F11161202B945"
"1","HI3-STAGE-HELPERS-MIXED-20260615-V1","1116","nairieberry","ko-KR/ExcelOutputAsset/ThemeData_Stage.json","4096","96ACBBBE407233D16677897F65D3734DB6557AFC02DE5E5F36B37F18FCE50E76"
"1","HI3-STAGE-HELPERS-MIXED-20260615-V1","1117","nairieberry","ko-KR/ExcelOutputAsset/TouchLevelData.json","863","8C13A5CB1C8CC9C28CC2CDC7B6D55B492FB6BD3A145D069508B59A2BAA95E88F"
"1","HI3-STAGE-HELPERS-MIXED-20260615-V1","1118","nairieberry","ko-KR/ExcelOutputAsset/TowerRaidStage.json","14641","08B4593546DF44544D7FEDBCCBEE4FCDB5C67789A1788C0BFAC96207FA3E7414"
"1","HI3-STAGE-HELPERS-MIXED-20260615-V1","1119","nairieberry","ko-KR/ExcelOutputAsset/TowerStageConfig.json","127818","F1D75A4516AAA306A2742FBEED4EE77A9EB1AF52C8E5044C5D1F3BFF0E11D45F"
"1","HI3-STAGE-HELPERS-MIXED-20260615-V1","1120","nairieberry","ko-KR/ExcelOutputAsset/TrainingLevelAchieve.json","2","4F53CDA18C2BAA0C0354BB5F9A3ECBE5ED12AB4D8E11BA873C2F11161202B945"
"1","HI3-STAGE-HELPERS-MIXED-20260615-V1","1121","nairieberry","ko-KR/ExcelOutputAsset/TrainingLevelData.json","2","4F53CDA18C2BAA0C0354BB5F9A3ECBE5ED12AB4D8E11BA873C2F11161202B945"
"1","HI3-STAGE-HELPERS-MIXED-20260615-V1","1122","nairieberry","ko-KR/ExcelOutputAsset/UltraEndlessStage.json","6096","372F0AB482E0BCE203571FFDA597BB70BC05A96E1A15574D74789907D2F022DA"
"1","HI3-STAGE-HELPERS-MIXED-20260615-V1","1123","nairieberry","ko-KR/ExcelOutputAsset/UniqueMonsterData.json","2924954","DBDCE5F24FDA5DB967239DE2029F80067AED76DEA4A40BF59B3CD3D8C1F9DF2B"
"1","HI3-STAGE-HELPERS-MIXED-20260615-V1","1124","nairieberry","ko-KR/ExcelOutputAsset/VirtualCustomLevelData.json","47571","F71312E6ED92CE5C8F9F6582745D1D1DE18F6C79549B3A65C398AF3CA2D09915"
"1","HI3-STAGE-HELPERS-MIXED-20260615-V1","1125","nairieberry","ko-KR/ExcelOutputAsset/VirtualTrainStageDrop.json","4383","6A7ABE9B7FDDBD25E65E4FD1A8EBBC3FCE8088706C6B04DA858CB44B30B77F88"
"1","HI3-STAGE-HELPERS-MIXED-20260615-V1","1126","nairieberry","ko-KR/ExcelOutputAsset/WantedStageData.json","10495","1FA39184130C8A465A71A3901CD4A3D0203EEB2B956B7911405858156783B1FB"
"1","HI3-STAGE-HELPERS-MIXED-20260615-V1","1127","nairieberry","zh-CN/ExcelOutputAsset/ActivityChargeLevel.json","23557","0C6D9397318F05F84356AA9542F3BB33D6C89FA7D0E72FC90079B5921E46DF57"
"1","HI3-STAGE-HELPERS-MIXED-20260615-V1","1128","nairieberry","zh-CN/ExcelOutputAsset/ActivityStageRank.json","5682","0C5D8DE8EE593AB7F92E2771BBE54F8A3FEFD7368C983ED808ECEC854A30EE2B"
"1","HI3-STAGE-HELPERS-MIXED-20260615-V1","1129","nairieberry","zh-CN/ExcelOutputAsset/AdventureAvatarSkillLevel.json","7478","A71D2E1FCDEB2C34C476FF96441B888C050C7FC4814A665428C0CE0CE0987A42"
"1","HI3-STAGE-HELPERS-MIXED-20260615-V1","1130","nairieberry","zh-CN/ExcelOutputAsset/AffinityTotalLevelReward.json","2","4F53CDA18C2BAA0C0354BB5F9A3ECBE5ED12AB4D8E11BA873C2F11161202B945"
"1","HI3-STAGE-HELPERS-MIXED-20260615-V1","1131","nairieberry","zh-CN/ExcelOutputAsset/Affix_TitleLevel.json","5267","6494C49FA19F95C34E20D383E55BB257200E4E991F2617A1DD86ED4C7D721A01"
"1","HI3-STAGE-HELPERS-MIXED-20260615-V1","1132","nairieberry","zh-CN/ExcelOutputAsset/ArmadaReunionLevel.json","14599","BCC66D72ED1404D57A8B5373864A2C68C72CEEB1031D29137DCC79CC0C78497D"
"1","HI3-STAGE-HELPERS-MIXED-20260615-V1","1133","nairieberry","zh-CN/ExcelOutputAsset/ArmadaStageBossData.json","1385","98E9E203B4AF97DD9F235A7BE203CAFCD564C27C8C791FE26C68CC68948FCF48"
"1","HI3-STAGE-HELPERS-MIXED-20260615-V1","1134","nairieberry","zh-CN/ExcelOutputAsset/ArmadaStageHardData.json","23530","FCB3C5347DAD9E97616AB88F079B82720E40D3DA88EEB0F941DCB8E93345710F"
"1","HI3-STAGE-HELPERS-MIXED-20260615-V1","1135","nairieberry","zh-CN/ExcelOutputAsset/AvatarArtifactLevel.json","12759","CBBF893E90849F2F3F1C1AE0525488D96819C94455DE8AAE0735CCFF8EB18339"
"1","HI3-STAGE-HELPERS-MIXED-20260615-V1","1136","nairieberry","zh-CN/ExcelOutputAsset/AvatarLevelData.json","11781","B145AAF6FF2E467840BF402A07F9C15BD05D5F697CFABCC81D5F09D228C367BA"
"1","HI3-STAGE-HELPERS-MIXED-20260615-V1","1137","nairieberry","zh-CN/ExcelOutputAsset/AvatarSubSkillLevelDataV2.json","27734","08435097CECF2D440EEC900573A734749BCFD801DFCE068ED5B4EB5B658BA6AC"
"1","HI3-STAGE-HELPERS-MIXED-20260615-V1","1138","nairieberry","zh-CN/ExcelOutputAsset/BattlePassSeasonLevelConfig.json","264857","13AEFB58DF59AAC61DD5240EFBF858CCEAB4A34B4D4D36D3379F61C30A780A27"
"1","HI3-STAGE-HELPERS-MIXED-20260615-V1","1139","nairieberry","zh-CN/ExcelOutputAsset/BattlePassThemeLevelConfig.json","15464","97E289C37105E9DCBB566A9BD50E7B4F242DE739733EFA5638118FA4C931E268"
"1","HI3-STAGE-HELPERS-MIXED-20260615-V1","1140","nairieberry","zh-CN/ExcelOutputAsset/BbqLevel.json","404","85CA11ACB8BBA27EF8514387643CB7115D642812E23CC7808A3CF0C875F9418A"
"1","HI3-STAGE-HELPERS-MIXED-20260615-V1","1141","nairieberry","zh-CN/ExcelOutputAsset/BeastStage.json","4605","CF37D30CE3F6AB8A31AA0272BB890526255D866AF959B39EBFB32F26098A522E"
"1","HI3-STAGE-HELPERS-MIXED-20260615-V1","1142","nairieberry","zh-CN/ExcelOutputAsset/BeastStageDisplay.json","19506","2E4C60F78B989ECF5C289665238B865E44A14DEB04B99955661411D6D796269D"
"1","HI3-STAGE-HELPERS-MIXED-20260615-V1","1143","nairieberry","zh-CN/ExcelOutputAsset/BossRushStageSchedule.json","1783","1F9D1A998C451ED0F8850A4AE5FB1E13FC079E7FC1525DFBA6C3476B5424D656"
"1","HI3-STAGE-HELPERS-MIXED-20260615-V1","1144","nairieberry","zh-CN/ExcelOutputAsset/ChallengeWarStageData.json","22797","227FDAA165ACEE2AB23CA11BC497C1E121F3DEFC0B036A86BCB9E280F98B8789"
"1","HI3-STAGE-HELPERS-MIXED-20260615-V1","1145","nairieberry","zh-CN/ExcelOutputAsset/ChallengeWarStageFloor.json","2775","39E9E769A2396C87DDDC54493C3C30C5D8533E5FAC2543EA2445534E4261367A"
"1","HI3-STAGE-HELPERS-MIXED-20260615-V1","1146","nairieberry","zh-CN/ExcelOutputAsset/ChapterActivityStage.json","76764","5E38F77ED8194AE837E773B72A1837844A4FD956FF133FEF664739CFA3B1CEE3"
"1","HI3-STAGE-HELPERS-MIXED-20260615-V1","1147","nairieberry","zh-CN/ExcelOutputAsset/ChapterCultivateLevelData.json","25310","8551305EB2DDE4406C3AF12F9A55556A6455E67C51008FE677EA565EBDDD4799"
"1","HI3-STAGE-HELPERS-MIXED-20260615-V1","1148","nairieberry","zh-CN/ExcelOutputAsset/ChapterCultivateMonster.json","822","235A80F5D4AEB0BAD2F227DDCC6AFBCDCBE1737FE8D3DAB4F72AC030C85F851E"
"1","HI3-STAGE-HELPERS-MIXED-20260615-V1","1149","nairieberry","zh-CN/ExcelOutputAsset/CollectionMonsterData.json","11861","D90E9CA27A8E553E01DF113577A371B36554DF6347FF26F2F415A0741C69FA60"
"1","HI3-STAGE-HELPERS-MIXED-20260615-V1","1150","nairieberry","zh-CN/ExcelOutputAsset/CompetitionSeasonLevel.json","9375","5AA098B33EE9471FC00BBE99EE4FF024A584E67D5BA84CF6DED9FF962B41A1AD"
"1","HI3-STAGE-HELPERS-MIXED-20260615-V1","1151","nairieberry","zh-CN/ExcelOutputAsset/CoupleTowerStage.json","3405","79CF2737ECD3C7EB27F4DDED0E449BE2CC80528CDB57AFEE281196FCF1835958"
"1","HI3-STAGE-HELPERS-MIXED-20260615-V1","1152","nairieberry","zh-CN/ExcelOutputAsset/CrisisModeStageConfig.json","633","DEABBE47699FE38E8268443DFD016F26D87B6F4DBB6CEA89CCD5221349CBB94C"
"1","HI3-STAGE-HELPERS-MIXED-20260615-V1","1153","nairieberry","zh-CN/ExcelOutputAsset/CrisisModeStageGroupConfig.json","344","72D41E3A25E0DBAB59B918170526C2F907680A72FD97F9ECF57667524A4B4C99"
"1","HI3-STAGE-HELPERS-MIXED-20260615-V1","1154","nairieberry","zh-CN/ExcelOutputAsset/DLCLevelData.json","17636","B1A5EE7E1201698C571270621CD4B40E9D52115C9EEA7EBDBA23BA703FDD1872"
"1","HI3-STAGE-HELPERS-MIXED-20260615-V1","1155","nairieberry","zh-CN/ExcelOutputAsset/DLCLevelDiff.json","372","C50E300F1F3E58D755D5EA1F3901A6B29B67A5D4FCEE03D0268DE7E3608314D0"
"1","HI3-STAGE-HELPERS-MIXED-20260615-V1","1156","nairieberry","zh-CN/ExcelOutputAsset/DLCRecommendLevel.json","2235","5F34A789187035EC5FDCFB611C6C3B0645C8FD7D4F8E69C3A1D6BF7E9C16ED9D"
"1","HI3-STAGE-HELPERS-MIXED-20260615-V1","1157","nairieberry","zh-CN/ExcelOutputAsset/DLCSupportLevelData.json","433","8FD4B10FFA4EC9547DFDE57D157B327EDBDAA2CE9766EB10A0A29EFB594A236B"
"1","HI3-STAGE-HELPERS-MIXED-20260615-V1","1158","nairieberry","zh-CN/ExcelOutputAsset/DLCTalentLevelData.json","231759","46AA08E23CE11E1BB2D57BA818573B99D1BEDBBE8CA435F40AF707178DF4EB13"
"1","HI3-STAGE-HELPERS-MIXED-20260615-V1","1159","nairieberry","zh-CN/ExcelOutputAsset/DLCTowerMonster.json","1521","82CE44F899AF8DB2F70227527ACA2484AA6B05A0490C9B83B0540BFE37986A63"
"1","HI3-STAGE-HELPERS-MIXED-20260615-V1","1160","nairieberry","zh-CN/ExcelOutputAsset/DailyMPStageData.json","6673","CCDD3A5F4B0C7EFD008987FEA32A7602D02D0641C8E657F284D03C08DA5DDE8E"
"1","HI3-STAGE-HELPERS-MIXED-20260615-V1","1161","nairieberry","zh-CN/ExcelOutputAsset/Decrypted/StageData_Main.json","30194986","C00BD20093F30BDACCAEAABA158246807D89D6B4AF0DD0888784ABF539790FA5"
"1","HI3-STAGE-HELPERS-MIXED-20260615-V1","1162","nairieberry","zh-CN/ExcelOutputAsset/ElfLevelData.json","4674","A20B1D687221C88BC3EF2599C3788743972666B10B77AD85931D1A9FB7C121D8"
"1","HI3-STAGE-HELPERS-MIXED-20260615-V1","1163","nairieberry","zh-CN/ExcelOutputAsset/ElfTalentLevelData.json","32919","100FB64F382692DA28E127A924088FF41B7E47092AD31B957219A02312969B45"
"1","HI3-STAGE-HELPERS-MIXED-20260615-V1","1164","nairieberry","zh-CN/ExcelOutputAsset/EliteStage.json","27283","7C654FA4A3024F2C22650E6080410FEDE74A6B46E5E563C2FA66C085E55F7F37"
"1","HI3-STAGE-HELPERS-MIXED-20260615-V1","1165","nairieberry","zh-CN/ExcelOutputAsset/EliteStageCompensation.json","33231","D85FF3BC9A162E3FCB8138BF4B1E0F86C3C2C7E3813C4FFD23638D622FD0251D"
"1","HI3-STAGE-HELPERS-MIXED-20260615-V1","1166","nairieberry","zh-CN/ExcelOutputAsset/EquipmentLevelData.json","39147","A1B63C9EF8596DAFD55A4B8C07F578054BA78946DF7C93F70A326CF26029C288"
"1","HI3-STAGE-HELPERS-MIXED-20260615-V1","1167","nairieberry","zh-CN/ExcelOutputAsset/ExBossLevelData.json","1743","E49D409A95C82201AA32C2A145AE7A6EB6FC93713B7C1FB58FD410842DD6A0D7"
"1","HI3-STAGE-HELPERS-MIXED-20260615-V1","1168","nairieberry","zh-CN/ExcelOutputAsset/ExBossMonsterData.json","1105304","A7895547AB5DAEEED4082BD442568B18111E5EFA2A69D479B5BCDE93BF33E883"
"1","HI3-STAGE-HELPERS-MIXED-20260615-V1","1169","nairieberry","zh-CN/ExcelOutputAsset/ExBossMonsterSchedule.json","62639","5EA0D8DB7760635E54CC834C17C6941C509B4972E14B4255D31E01A42E9D704B"
"1","HI3-STAGE-HELPERS-MIXED-20260615-V1","1170","nairieberry","zh-CN/ExcelOutputAsset/FarmLevel.json","934","64BCC45E5B561B7B19DDE271FAF405FA07C282F1A0992E9F0E0277743DD63C33"
"1","HI3-STAGE-HELPERS-MIXED-20260615-V1","1171","nairieberry","zh-CN/ExcelOutputAsset/FastPassLevel.json","10883","C1E2C94C68EC3CC4148066B835105823E5B43607B1C94745C79961C9C30B0EFA"
"1","HI3-STAGE-HELPERS-MIXED-20260615-V1","1172","nairieberry","zh-CN/ExcelOutputAsset/GeneralActivityStage.json","65733","C3D9137651EDA2DBBA5844D90F94028BC253B9BF7E5709F5BFE3FC0C4F311493"
"1","HI3-STAGE-HELPERS-MIXED-20260615-V1","1173","nairieberry","zh-CN/ExcelOutputAsset/GeneralActivityStageGroup.json","251893","0673FF1822F48CCE49886216D977227F210B257419DA1D551FCF2D14DA562905"
"1","HI3-STAGE-HELPERS-MIXED-20260615-V1","1174","nairieberry","zh-CN/ExcelOutputAsset/GeneralActivityStageHomu.json","645","158923BE7F7260526DF60B5010EF376A1E404F862958C55BEC50AE9E9B027E9C"
"1","HI3-STAGE-HELPERS-MIXED-20260615-V1","1175","nairieberry","zh-CN/ExcelOutputAsset/GeneralActivityStageReward.json","2","4F53CDA18C2BAA0C0354BB5F9A3ECBE5ED12AB4D8E11BA873C2F11161202B945"
"1","HI3-STAGE-HELPERS-MIXED-20260615-V1","1176","nairieberry","zh-CN/ExcelOutputAsset/GlobalArmadaReunionLevel.json","6847","236E14F77ADDECEA145F03DAD83C65B4714A3A06057984876D7BCC487A7DDD75"
"1","HI3-STAGE-HELPERS-MIXED-20260615-V1","1177","nairieberry","zh-CN/ExcelOutputAsset/GlobalWarStage.json","28455","8364FACF13B7719D836B3E4178AE201E217098FB9F9D5AE4474C4C5FE411CB16"
"1","HI3-STAGE-HELPERS-MIXED-20260615-V1","1178","nairieberry","zh-CN/ExcelOutputAsset/GrandKeyLevel.json","10019","F2599A409A93C0CB21134B56DC937C9FFC2A238FF87EC2F7192873C45D718A28"
"1","HI3-STAGE-HELPERS-MIXED-20260615-V1","1179","nairieberry","zh-CN/ExcelOutputAsset/GratuityStage.json","45611","881DEDBF3EB8217564089E4D0A7D4AA9032ACAF3259A090C63E072880C3F96E3"
"1","HI3-STAGE-HELPERS-MIXED-20260615-V1","1180","nairieberry","zh-CN/ExcelOutputAsset/GratuityStageClass.json","18426","F1388DF69BB70FE41038A237FE8CD39F891A1A80F85BDE4E8CC8E95E9E860CA6"
"1","HI3-STAGE-HELPERS-MIXED-20260615-V1","1181","nairieberry","zh-CN/ExcelOutputAsset/InLevelDialog.json","334459","71EC1AA856D6628700707B4A878743E0322791A26343A8AC135AD75F3347FDDE"
"1","HI3-STAGE-HELPERS-MIXED-20260615-V1","1182","nairieberry","zh-CN/ExcelOutputAsset/KingdomsStage.json","71316","FA2869737978762664D4F7D6CEE28EF5D51290C545B69469202D2ADD19982A9B"
"1","HI3-STAGE-HELPERS-MIXED-20260615-V1","1183","nairieberry","zh-CN/ExcelOutputAsset/KingdomsWarStageCurrency.json","3211","F2841EF87460540DA07286F7CFE63806CBEB519DF4D58F2496D4D76369844627"
"1","HI3-STAGE-HELPERS-MIXED-20260615-V1","1184","nairieberry","zh-CN/ExcelOutputAsset/LevelMatrixArmadaData.json","378","6AEF61D3273F5326B3608D7C91F91AC404A0281BF1273D02655AD6AF233228C6"
"1","HI3-STAGE-HELPERS-MIXED-20260615-V1","1185","nairieberry","zh-CN/ExcelOutputAsset/LevelMatrixBlockData.json","333","6652C3237FE7A1E7E28C9803A342BED893D900B20EA04BCB5005C9B5B128C786"
"1","HI3-STAGE-HELPERS-MIXED-20260615-V1","1186","nairieberry","zh-CN/ExcelOutputAsset/LevelMatrixBuffData.json","1704","62644E0B0EC97246CFF92DE80BDFA89B61CD7C12D50CF5162E8A93C2531CCDF6"
"1","HI3-STAGE-HELPERS-MIXED-20260615-V1","1187","nairieberry","zh-CN/ExcelOutputAsset/LevelMatrixEventDialog.json","4287","CA5F8DF2CB3C1ED1381B11A4B9390252E45CCF282AC17B8A2C34B1043CC68430"
"1","HI3-STAGE-HELPERS-MIXED-20260615-V1","1188","nairieberry","zh-CN/ExcelOutputAsset/LevelMatrixFloorData.json","771","F28A1480CCB599DCB2ABD33E00E6808F282221577CF638D2508D78C54419AD86"
"1","HI3-STAGE-HELPERS-MIXED-20260615-V1","1189","nairieberry","zh-CN/ExcelOutputAsset/LevelMatrixFloorRequirement.json","2","4F53CDA18C2BAA0C0354BB5F9A3ECBE5ED12AB4D8E11BA873C2F11161202B945"
"1","HI3-STAGE-HELPERS-MIXED-20260615-V1","1190","nairieberry","zh-CN/ExcelOutputAsset/LevelMatrixGoods.json","908","E99D4FF4FC6473DAC60144A505CD32BA1B15784571FF4669692CB7A81CF31DA7"
"1","HI3-STAGE-HELPERS-MIXED-20260615-V1","1191","nairieberry","zh-CN/ExcelOutputAsset/LevelMatrixGridIndex.json","40163","0BE8AD919214D93B540348B93B057CDD911E6CE391D26A84DBD462C92DE70257"
"1","HI3-STAGE-HELPERS-MIXED-20260615-V1","1192","nairieberry","zh-CN/ExcelOutputAsset/LevelMatrixLevelLogic.json","16122","65E969EAE524C2A6D74F0173677F3563010C0685C23CF3C60E558C34ABECBF87"
"1","HI3-STAGE-HELPERS-MIXED-20260615-V1","1193","nairieberry","zh-CN/ExcelOutputAsset/LevelMatrixMapInfo.json","536","8D03B98F34810061F37246DE019B46402AD2D2C5E2C0D487C668259ECA02B71D"
"1","HI3-STAGE-HELPERS-MIXED-20260615-V1","1194","nairieberry","zh-CN/ExcelOutputAsset/LevelMatrixMessage.json","585","FF8BCF8C1659FEB145F8DC3BCE022613D5CFF728BA4AF528299F32F2B5AF6981"
"1","HI3-STAGE-HELPERS-MIXED-20260615-V1","1195","nairieberry","zh-CN/ExcelOutputAsset/LevelMatrixMonsterData.json","32349","5275119C20139E6B631CFCAC1CD93CE3CD9C0913A95BE4A20F3B33F0D709E305"
"1","HI3-STAGE-HELPERS-MIXED-20260615-V1","1196","nairieberry","zh-CN/ExcelOutputAsset/LevelMatrixPresetData.json","25292","3E37B9383A553EEDDB6E18050B6C2DC82E285D1A7F23CAB2E99E9D377EB90E1F"
"1","HI3-STAGE-HELPERS-MIXED-20260615-V1","1197","nairieberry","zh-CN/ExcelOutputAsset/LevelMatrixSchedule.json","2","4F53CDA18C2BAA0C0354BB5F9A3ECBE5ED12AB4D8E11BA873C2F11161202B945"
"1","HI3-STAGE-HELPERS-MIXED-20260615-V1","1198","nairieberry","zh-CN/ExcelOutputAsset/LevelMatrixScoreBonus.json","10409","8D37603378B8D8C4E0F53C11C2052518307E174D57748821373774B1F109AB1F"
"1","HI3-STAGE-HELPERS-MIXED-20260615-V1","1199","nairieberry","zh-CN/ExcelOutputAsset/LevelMatrixSuddenEvent.json","17498","89A08957A60EF66049680B27FD6E7E183522875A050ADAE90AF8F0F509221BD4"
"1","HI3-STAGE-HELPERS-MIXED-20260615-V1","1200","nairieberry","zh-CN/ExcelOutputAsset/LevelMatrixTheme.json","3026","EDC61F8A64E22828B58996777FB3EC77E5EFCD7E48B03CB32D92313F3DA748DB"
"1","HI3-STAGE-HELPERS-MIXED-20260615-V1","1201","nairieberry","zh-CN/ExcelOutputAsset/LevelMatrixTreasureBox.json","1677","619352328A4A02AB753FE981598469E860C38C586A04B21DA74439712A863854"
"1","HI3-STAGE-HELPERS-MIXED-20260615-V1","1202","nairieberry","zh-CN/ExcelOutputAsset/LevelMatrixUseItem.json","1267","9B99A5D38F7B513C3A6E37B07CC58EA66C3AAB8EE23B86840D9C68D88DB06748"
"1","HI3-STAGE-HELPERS-MIXED-20260615-V1","1203","nairieberry","zh-CN/ExcelOutputAsset/LevelSave.json","4960","05DA862143326955E919C8C7010D9DFE228E0B15D061EA16321198A0BA81B23C"
"1","HI3-STAGE-HELPERS-MIXED-20260615-V1","1204","nairieberry","zh-CN/ExcelOutputAsset/LevelStatistics.json","250514","1D34C2699B5F2DB177B7EB821B6A5608B6DE8DDA6650AE8E05EFB7A23FF41E6D"
"1","HI3-STAGE-HELPERS-MIXED-20260615-V1","1205","nairieberry","zh-CN/ExcelOutputAsset/LevelTrialData.json","801948","E2D860D0EB284788FB3A772651C0CB55931C2E2A9AF03915A6D0D7EC6E9B86C6"
"1","HI3-STAGE-HELPERS-MIXED-20260615-V1","1206","nairieberry","zh-CN/ExcelOutputAsset/MPLevel.json","25355","F6E346D4985380D675ED2DE039C960D23372F3E038BDD478AB02B70B12EAF1B1"
"1","HI3-STAGE-HELPERS-MIXED-20260615-V1","1207","nairieberry","zh-CN/ExcelOutputAsset/MPStageBuff.json","720","F5CEE4F8DB8DF211030392D17A3DE7FACFAE71CE408CB48FF75EE88E104DC327"
"1","HI3-STAGE-HELPERS-MIXED-20260615-V1","1208","nairieberry","zh-CN/ExcelOutputAsset/MPStageData.json","936490","59597441B3843D875136B8B10018CD72B85FE8B70E96E6E357280161A1740026"
"1","HI3-STAGE-HELPERS-MIXED-20260615-V1","1209","nairieberry","zh-CN/ExcelOutputAsset/MPStagePlayerLevelDrop.json","7138","E1F061F1E1F136DEFE58260A559CC3AB84A9852DC934F491217F4EF9A37C2CCC"
"1","HI3-STAGE-HELPERS-MIXED-20260615-V1","1210","nairieberry","zh-CN/ExcelOutputAsset/MainstageEvent.json","11765","8E8C8468BC32CAC91143B7B5B58AC57CABBB8FA3626E72D391955F6D015BC797"
"1","HI3-STAGE-HELPERS-MIXED-20260615-V1","1211","nairieberry","zh-CN/ExcelOutputAsset/MapLevelData.json","12352","CA9FFFF33AE591AF1B1EAFEAE397218FA799837F8EB9F8BC06DE976ED8F1EB01"
"1","HI3-STAGE-HELPERS-MIXED-20260615-V1","1212","nairieberry","zh-CN/ExcelOutputAsset/MapSiteQualityConfig.json","1399","FD3D1D578D2E9F3E5AFBB07A102A0D986935E9CC9E85AEFA45B27F9E33F17E86"
"1","HI3-STAGE-HELPERS-MIXED-20260615-V1","1213","nairieberry","zh-CN/ExcelOutputAsset/MapSiteScheduleData.json","10626","34F79D2EAFA938124CA69D221C2BBA035D6351999BDEAE4AF68D9B374A3508F4"
"1","HI3-STAGE-HELPERS-MIXED-20260615-V1","1214","nairieberry","zh-CN/ExcelOutputAsset/MapSiteStageData.json","50115","086B4FE9CA55A6D24F5F7238240C557B8AEA5F3D123F7E591179E25D6C9133FD"
"1","HI3-STAGE-HELPERS-MIXED-20260615-V1","1215","nairieberry","zh-CN/ExcelOutputAsset/MassiveWarMonsterData.json","1731","2FCCFFCFBBD720F1D20F59740186C9F6AB2EFE367ACEE6ADF67978E80E36DB3B"
"1","HI3-STAGE-HELPERS-MIXED-20260615-V1","1216","nairieberry","zh-CN/ExcelOutputAsset/MassiveWarStage.json","3171","41E7FE71FC0562F9DAAF891F97441746D20A124CF6D3928E4DA7613E6BD758D9"
"1","HI3-STAGE-HELPERS-MIXED-20260615-V1","1217","nairieberry","zh-CN/ExcelOutputAsset/MassiveWarStageInfo.json","939","8D45194B596025D7E2F36D458C033022FF98BF8849C629F927CE4585FCBDBC45"
"1","HI3-STAGE-HELPERS-MIXED-20260615-V1","1218","nairieberry","zh-CN/ExcelOutputAsset/MentorFameLevelData.json","1934","68697A8E72F8CA02FF7D3D8B46A3077B40289931F716D06E904822A4082F6309"
"1","HI3-STAGE-HELPERS-MIXED-20260615-V1","1219","nairieberry","zh-CN/ExcelOutputAsset/MiniBossExamHardStageData.json","14921","B818F1DE01B11BFDF9300A8229925EDA90C64398A1DDE3DF444B0FDDA826EC78"
"1","HI3-STAGE-HELPERS-MIXED-20260615-V1","1220","nairieberry","zh-CN/ExcelOutputAsset/MiniSkyFire_Stage.json","7454","E10746FCCCBCC6B2D6CACC52490C106AAE6B29EEF9804C8E2FE00799A0025918"
"1","HI3-STAGE-HELPERS-MIXED-20260615-V1","1221","nairieberry","zh-CN/ExcelOutputAsset/MonopolyLevelInfo.json","186186","D56387C77295D96AC82A3033776E12A7D5DB99BCF46DC2B2924E95712735A201"
"1","HI3-STAGE-HELPERS-MIXED-20260615-V1","1222","nairieberry","zh-CN/ExcelOutputAsset/MonsterConfigData.json","319129","14AC6771D7733E92AFCF62BE6E1A088CD68C4FB9F19C5C99D2A22669B573298E"
"1","HI3-STAGE-HELPERS-MIXED-20260615-V1","1223","nairieberry","zh-CN/ExcelOutputAsset/MonsterResistance.json","50191","82CED73BDD4CD511D6BAAFB70C21447E94D294B64941C975540F19E6F8ED5FE2"
"1","HI3-STAGE-HELPERS-MIXED-20260615-V1","1224","nairieberry","zh-CN/ExcelOutputAsset/MonsterWikiData.json","24018","4FCDEC0A222F3FD24873CD8F7C2C81F1837CFB01B496EDB8B0892F5DBDE91FD8"
"1","HI3-STAGE-HELPERS-MIXED-20260615-V1","1225","nairieberry","zh-CN/ExcelOutputAsset/MonsterWikiDescConfig.json","47911","5DF3F6851728F6F213E523E1D90BA05FE573D4D6917DEDD34087BC39432D032F"
"1","HI3-STAGE-HELPERS-MIXED-20260615-V1","1226","nairieberry","zh-CN/ExcelOutputAsset/MonsterWikiPage.json","932","81D851CD662FFF6108EC3A2A7C9111FE26D3F03BC25F42EC04CD5B4053124A96"
"1","HI3-STAGE-HELPERS-MIXED-20260615-V1","1227","nairieberry","zh-CN/ExcelOutputAsset/NPCLevelLogic.json","2175336","39A3648B161E4060BA0BA687958205F6A1D1B54C7C12282726665FF533212E5D"
"1","HI3-STAGE-HELPERS-MIXED-20260615-V1","1228","nairieberry","zh-CN/ExcelOutputAsset/NewbieActivityLevelReward.json","23741","E8289DE4A92A5E2402CDF798838D105D9CE056529D9FE2236DCB8D87D63CC3F8"
"1","HI3-STAGE-HELPERS-MIXED-20260615-V1","1229","nairieberry","zh-CN/ExcelOutputAsset/NewbieActivityStageMission.json","43095","07633ADBA424227098DAF5143340220BB746439AC2A2146427F7A2A15D05F6BE"
"1","HI3-STAGE-HELPERS-MIXED-20260615-V1","1230","nairieberry","zh-CN/ExcelOutputAsset/NinjaSlotLevel.json","12195","E193E6F6B9B758B4FA7CF7E53126414D3FE8BA50DC3C9C913AE3A523FB815C6C"
"1","HI3-STAGE-HELPERS-MIXED-20260615-V1","1231","nairieberry","zh-CN/ExcelOutputAsset/OWActivityLevelData.json","1634","A196F66B13602AB7B92E83D1A86638FB7939B2E43BF3D54981F117C3C6342070"
"1","HI3-STAGE-HELPERS-MIXED-20260615-V1","1232","nairieberry","zh-CN/ExcelOutputAsset/OWAvatarActivityLevel.json","5701","A43BC103FB59FFFC4FC09794BA1B9A3F82C1E1CE484AE44239F15741DB12F2CA"
"1","HI3-STAGE-HELPERS-MIXED-20260615-V1","1233","nairieberry","zh-CN/ExcelOutputAsset/OWAvatarCultivateLevel.json","9982","28A1E3A4EC695E6E854B84C368050CFD46EF56B4C4CAD9B27601C91AE549B039"
"1","HI3-STAGE-HELPERS-MIXED-20260615-V1","1234","nairieberry","zh-CN/ExcelOutputAsset/OWEndlessMonsterData.json","462391","2AAA5A269A17BDE103C2064A528DAEA3FEBD3614FE5EE3530A11D7C7E7DA56C8"
"1","HI3-STAGE-HELPERS-MIXED-20260615-V1","1235","nairieberry","zh-CN/ExcelOutputAsset/OWEndlessMonsterGroupScore.json","144495","6303A39BDD67ECFB6C0D8429B26877C114A979165416AB185D0407887032E624"
"1","HI3-STAGE-HELPERS-MIXED-20260615-V1","1236","nairieberry","zh-CN/ExcelOutputAsset/OWEndlessMonsterInitType.json","242904","A578E75494B40147EBEA24D157C1B418B7672C68BD50749D9BE85B3F6A970937"
"1","HI3-STAGE-HELPERS-MIXED-20260615-V1","1237","nairieberry","zh-CN/ExcelOutputAsset/OWEndlessSingleModeStage.json","780","0DB024D2E9C834B230C07DF71CC8B1500EFA513237C0B95D0EC4D91A7D896C78"
"1","HI3-STAGE-HELPERS-MIXED-20260615-V1","1238","nairieberry","zh-CN/ExcelOutputAsset/OWEndlessSingleMonsterGroup.json","4210","A3E187865C1FE179435654839B66BF3B2C4461384D8799261BE07DD90AC72ABF"
"1","HI3-STAGE-HELPERS-MIXED-20260615-V1","1239","nairieberry","zh-CN/ExcelOutputAsset/OWTalentLevelData.json","9285","4F6B48258BC66EFB592A964F9B7F02632553EC33566A789B669C6F15CE8BDAF1"
"1","HI3-STAGE-HELPERS-MIXED-20260615-V1","1240","nairieberry","zh-CN/ExcelOutputAsset/OpenWorldDestinyLevelDiff.json","384","275B42CCF22C14365812EBA34C8F3AFF01F0BA666BEB2CA573C3588AF459CD04"
"1","HI3-STAGE-HELPERS-MIXED-20260615-V1","1241","nairieberry","zh-CN/ExcelOutputAsset/OpenWorldQuestLevelData.json","5235","A5C65CD7B1F2F16F8D78E937E42D72214DDE8188824C0DC5C499F6201DB01486"
"1","HI3-STAGE-HELPERS-MIXED-20260615-V1","1242","nairieberry","zh-CN/ExcelOutputAsset/OpenWorldQuestMapLevel.json","26178","C88F20121E77E3A0941F878E448A827F0595A39144FDCDE636B2918608C6A443"
"1","HI3-STAGE-HELPERS-MIXED-20260615-V1","1243","nairieberry","zh-CN/ExcelOutputAsset/OpenWorldQuestMonsterPower.json","5056","40FD026549D2076574C5A84089C0ECE1FC8A8F483FF3690BA411C425A3F93F23"
"1","HI3-STAGE-HELPERS-MIXED-20260615-V1","1244","nairieberry","zh-CN/ExcelOutputAsset/PlayerLevelData.json","20975","B85E93024107054F23856A531CBA5294636D9C95E449AF069B29B36E92FF5ED1"
"1","HI3-STAGE-HELPERS-MIXED-20260615-V1","1245","nairieberry","zh-CN/ExcelOutputAsset/PlayerLevelLock.json","1953","57B6A620F6E72B46C81C75B3A8102C48A230419F9798D3727753DCA0750F40F8"
"1","HI3-STAGE-HELPERS-MIXED-20260615-V1","1246","nairieberry","zh-CN/ExcelOutputAsset/PlayerLevelShopGoods.json","1880","E9EA7F3AD64D42B4FB3CBCC09F3DF181A9E49077F3B5CF1008FDCE7E7B5560B3"
"1","HI3-STAGE-HELPERS-MIXED-20260615-V1","1247","nairieberry","zh-CN/ExcelOutputAsset/QTEndlessMonsterData.json","93111","4C805DD9FDDDA8AD50EDA1CDF770D19BAE47F2B20D74614E83D4179CBBF387C3"
"1","HI3-STAGE-HELPERS-MIXED-20260615-V1","1248","nairieberry","zh-CN/ExcelOutputAsset/QTEndlessMonsterWave.json","70620","A0B001330CC2BA3355E4F53E002673BDA5B7E76D0D66913A10E1F803293BFBD1"
"1","HI3-STAGE-HELPERS-MIXED-20260615-V1","1249","nairieberry","zh-CN/ExcelOutputAsset/RandomEffectLevel.json","4872","DEB95503175FB917682FC5271C51C2E3D223A72F89FB77B58171A15BDE8E06AF"
"1","HI3-STAGE-HELPERS-MIXED-20260615-V1","1250","nairieberry","zh-CN/ExcelOutputAsset/ReclaimEventLevel.json","11576","8AC33FB6D1CB1485FC4225B6701A1BF7211F650EC493E10415F2B9995381EA98"
"1","HI3-STAGE-HELPERS-MIXED-20260615-V1","1251","nairieberry","zh-CN/ExcelOutputAsset/ReclaimEventStageList.json","6692","90F5525FF1B722455D1A4D36E6A56A8801A38C69609AC4AF18A9470859F4C386"
"1","HI3-STAGE-HELPERS-MIXED-20260615-V1","1252","nairieberry","zh-CN/ExcelOutputAsset/RelationStageBonusDrop.json","8865","7E74729AC412A06B5B55919BF504C3EFF15BB94C88EB8A9C2E110FA74F9F9D8D"
"1","HI3-STAGE-HELPERS-MIXED-20260615-V1","1253","nairieberry","zh-CN/ExcelOutputAsset/RestrictExtend_Stage.json","15053","43AC1F8CAE2B8CA417D26F631914B0B749D5C85D23227D54E8C28B241695B10C"
"1","HI3-STAGE-HELPERS-MIXED-20260615-V1","1254","nairieberry","zh-CN/ExcelOutputAsset/ReunionCookStage.json","2043","29D61CF15BF1A65F4447F16618F7720FEC3795467A540FC9BEB184316774D9A3"
"1","HI3-STAGE-HELPERS-MIXED-20260615-V1","1255","nairieberry","zh-CN/ExcelOutputAsset/RichMonsterInfo.json","29102","6454F14CFB14E24C9993380CE5289B322574EDA8EE55D186CBA06AFBAA838F5A"
"1","HI3-STAGE-HELPERS-MIXED-20260615-V1","1256","nairieberry","zh-CN/ExcelOutputAsset/RogueStageAvatarPosData.json","594","64ADA46BAD4B333EF28F7C62697F1E4C5D48149A3C106C9C109D5C2602024748"
"1","HI3-STAGE-HELPERS-MIXED-20260615-V1","1257","nairieberry","zh-CN/ExcelOutputAsset/RogueStageData.json","270924","7FC6C849634D17D27C2F9A89E16B4B2F8721B0DEF03788377C53B510BD55325C"
"1","HI3-STAGE-HELPERS-MIXED-20260615-V1","1258","nairieberry","zh-CN/ExcelOutputAsset/RogueStageDebuffData.json","1888","EA636910D157F841ACD6C1E5B5A674FEF6074B3BF69D63E5B441F8940A7B3BFD"
"1","HI3-STAGE-HELPERS-MIXED-20260615-V1","1259","nairieberry","zh-CN/ExcelOutputAsset/RogueStageHardLevelData.json","452","D6B85FFDB31FB15283A60ACC6DEDC241FDA3E4358D895B1D9AABDB04504A281D"
"1","HI3-STAGE-HELPERS-MIXED-20260615-V1","1260","nairieberry","zh-CN/ExcelOutputAsset/RogueStageLuaData.json","2625","74BB2C56E2F89CED046ADA1733D30D38C1F3E658AB594202C7FD9464186F263D"
"1","HI3-STAGE-HELPERS-MIXED-20260615-V1","1261","nairieberry","zh-CN/ExcelOutputAsset/RogueTowerStage.json","75954","797ACB02E7F34EA7E4A10665BAB16EAB0FA51371A46037D6C68DF9B04EF3ADD9"
"1","HI3-STAGE-HELPERS-MIXED-20260615-V1","1262","nairieberry","zh-CN/ExcelOutputAsset/RpgLevelProgress.json","2526","BD4E4C7502DC955396B4F03C285834A6DBC919132FAD6966BEB0C2CC08DBDF9A"
"1","HI3-STAGE-HELPERS-MIXED-20260615-V1","1263","nairieberry","zh-CN/ExcelOutputAsset/RpgStageDrop.json","21537","48CF9B5F3D8B698EC70F3AA120001EF13C2A5F19F74CCBAF62C850385DB17832"
"1","HI3-STAGE-HELPERS-MIXED-20260615-V1","1264","nairieberry","zh-CN/ExcelOutputAsset/RpgStageScore.json","401259","306580749FA92C03323190EBE0FB1EAE6C6F392BDDF53FE7AE1CB5DC18A00FC2"
"1","HI3-STAGE-HELPERS-MIXED-20260615-V1","1265","nairieberry","zh-CN/ExcelOutputAsset/RpgTaleStageEnterTimes.json","2646","B705511D32BEA08360D0A4094B1FFEDB98E77C0A1D8486A8FE44F5DDAFC7E47C"
"1","HI3-STAGE-HELPERS-MIXED-20260615-V1","1266","nairieberry","zh-CN/ExcelOutputAsset/SanctuaryBuildingLevel.json","3858","5F3D641510C55A3A8F6351C629723AD97004AD6CD44CF725D54C3D20BD5B5134"
"1","HI3-STAGE-HELPERS-MIXED-20260615-V1","1267","nairieberry","zh-CN/ExcelOutputAsset/SanctuaryStageConfig.json","17097","6F58C4EC254F0824C5CEA708162D835FB937AB2DFDF67136FFF12C629CBF0355"
"1","HI3-STAGE-HELPERS-MIXED-20260615-V1","1268","nairieberry","zh-CN/ExcelOutputAsset/SingleRaidStepStage.json","6083","53D81E2181F2396B3EAD7DE8C0EAA31A72D8B350AA06032044B2877DA11A879D"
"1","HI3-STAGE-HELPERS-MIXED-20260615-V1","1269","nairieberry","zh-CN/ExcelOutputAsset/SingleWantedStageGroup.json","1291","657350B9E50EC13FEABBCDAE203F86E939CD8F78A0CF8FDCA1028A419060BD29"
"1","HI3-STAGE-HELPERS-MIXED-20260615-V1","1270","nairieberry","zh-CN/ExcelOutputAsset/StageChallengeData.json","167964","5B90000504AEFA27A30B04E9F64001482052DA7AFE4FDA78794F42A556A8C6F0"
"1","HI3-STAGE-HELPERS-MIXED-20260615-V1","1271","nairieberry","zh-CN/ExcelOutputAsset/StageDamageStatistics.json","10608","DDEF2D45C702DDE1A458BF2DDC1B11080780B5FB54871F48D6BA04D44831717D"
"1","HI3-STAGE-HELPERS-MIXED-20260615-V1","1272","nairieberry","zh-CN/ExcelOutputAsset/StageData_Story.json","11032","DD8B1B9E463DB2F3EA51526973FF645BCC8617B4C52C1DFDCEBADDADE95969DE"
"1","HI3-STAGE-HELPERS-MIXED-20260615-V1","1273","nairieberry","zh-CN/ExcelOutputAsset/StageData_StoryMapped.json","4402","A1776A59F0BFA4B41B0880D034B641F00FF5877295D580977F27EE9795205375"
"1","HI3-STAGE-HELPERS-MIXED-20260615-V1","1274","nairieberry","zh-CN/ExcelOutputAsset/StageDetail.json","2042370","40FB314B9DD868AD04ADE9E19A33F462B5E47E11024A6325C212D97BCFB7752F"
"1","HI3-STAGE-HELPERS-MIXED-20260615-V1","1275","nairieberry","zh-CN/ExcelOutputAsset/StageDetailLayout.json","15244","A0AD579AE5A634D3D5A7F1E5634B7154E2BC54F8F3C885C956600621DFF997B1"
"1","HI3-STAGE-HELPERS-MIXED-20260615-V1","1276","nairieberry","zh-CN/ExcelOutputAsset/StageDetail_Ability.json","308009","601604A87FAE59F0C1B055D1DF2D2950C2D69466AF5CC40E56B37C7179F2C006"
"1","HI3-STAGE-HELPERS-MIXED-20260615-V1","1277","nairieberry","zh-CN/ExcelOutputAsset/StageDetail_AccumuatorGauge.json","613","8AB8BB241050F1F327FD545AE3D276BAE7AF0CB85922A560459B7837A18B00F3"
"1","HI3-STAGE-HELPERS-MIXED-20260615-V1","1278","nairieberry","zh-CN/ExcelOutputAsset/StageDetail_Effect.json","248705","64FDEDD2C75129F04192D18CE03A041E99742A2235C1F4FE23D570D3589E7577"
"1","HI3-STAGE-HELPERS-MIXED-20260615-V1","1279","nairieberry","zh-CN/ExcelOutputAsset/StageDetail_Monster.json","530020","BA7539135C070C02FA80F66B11F80C1BE24EE37E674565E53EC987966D5531A4"
"1","HI3-STAGE-HELPERS-MIXED-20260615-V1","1280","nairieberry","zh-CN/ExcelOutputAsset/StageDetail_Monster_Resist.json","6722","0064A5C23C760C1948E4992E0D4AA4E995038A5684D61A7E5B7FC56862BCE10B"
"1","HI3-STAGE-HELPERS-MIXED-20260615-V1","1281","nairieberry","zh-CN/ExcelOutputAsset/StageDetail_Nature.json","492","B980841C3B023A10CF41E135115B9EFA5F141561D89843440EDEAEDC0E45A926"
"1","HI3-STAGE-HELPERS-MIXED-20260615-V1","1282","nairieberry","zh-CN/ExcelOutputAsset/StageDetail_SkillType.json","3738","1CCAFC8D5DEDCB9670DFE1CA4420E26AD9390C33390295FF362AC0D10F2E2BCD"
"1","HI3-STAGE-HELPERS-MIXED-20260615-V1","1283","nairieberry","zh-CN/ExcelOutputAsset/StageDialogData.json","274596","82C13A99AA4C4EEF7622648C1C9502BCED0501944A20197095BFCC972E15A7AB"
"1","HI3-STAGE-HELPERS-MIXED-20260615-V1","1284","nairieberry","zh-CN/ExcelOutputAsset/StageDropItemData.json","492198","1294A77539254F8A11A9BF4B2C5A6F460594EECAA050182D16F25356EC72DF06"
"1","HI3-STAGE-HELPERS-MIXED-20260615-V1","1285","nairieberry","zh-CN/ExcelOutputAsset/StageEffectCarryOn.json","2145","9CC366E981FAA75A013C107C54AD52DFD90C964092A8235F02AE6428594AE9FD"
"1","HI3-STAGE-HELPERS-MIXED-20260615-V1","1286","nairieberry","zh-CN/ExcelOutputAsset/StageEnhanceData.json","17115","B3B6E5663896121CF6F3C3AB50ED96433D410491857154260948EFDF2D5AD319"
"1","HI3-STAGE-HELPERS-MIXED-20260615-V1","1287","nairieberry","zh-CN/ExcelOutputAsset/StageLiveRecommend.json","18858","97AE1D1ACE2F239EB15D24EFA5BDEC19069BCA234168D24C990A1FD9BDD6CC0C"
"1","HI3-STAGE-HELPERS-MIXED-20260615-V1","1288","nairieberry","zh-CN/ExcelOutputAsset/StageMaxScoreData.json","55324","E7AD9A3BDF01CBFDE04F9E4A8E45C595DCD2EFFA8BCA65AF7312426E2AE4E7C5"
"1","HI3-STAGE-HELPERS-MIXED-20260615-V1","1289","nairieberry","zh-CN/ExcelOutputAsset/StageMessage.json","3822","21F089F5FDFB657B032ABD329A9C21EA67377FE2B2FF5ACFDC5F645D026D64DE"
"1","HI3-STAGE-HELPERS-MIXED-20260615-V1","1290","nairieberry","zh-CN/ExcelOutputAsset/StageMultiTeamData.json","5825","05BF75C2EB786013AC1D7831F819BB123D6E8A0F8188C6CA0B97DAA06CFBF347"
"1","HI3-STAGE-HELPERS-MIXED-20260615-V1","1291","nairieberry","zh-CN/ExcelOutputAsset/StagePhoto.json","1866","0FFADC309C8E3CC8FA5EE1F858E559AE6531ED73BB67CFBA1785830ED429C8D1"
"1","HI3-STAGE-HELPERS-MIXED-20260615-V1","1292","nairieberry","zh-CN/ExcelOutputAsset/StageQAvatar.json","2856","ED60AFD2D9B50A83909CC627EEF05468F79FC3CC664F76A015EA257AF391E753"
"1","HI3-STAGE-HELPERS-MIXED-20260615-V1","1293","nairieberry","zh-CN/ExcelOutputAsset/StageRandomEffect.json","3803","8B36D95F28C2F83176DF692EC77E33D7844146C40B1AD0E57D4D065A8B6C584E"
"1","HI3-STAGE-HELPERS-MIXED-20260615-V1","1294","nairieberry","zh-CN/ExcelOutputAsset/StageRankConfig.json","267","AEB9675231BBAD0C380BE30DFEDC7D4F74B48E2F787E9204985852295F544B0A"
"1","HI3-STAGE-HELPERS-MIXED-20260615-V1","1295","nairieberry","zh-CN/ExcelOutputAsset/StageRankGroupConfig.json","137","4730D215EC36F3A72DB267B9F46F6572C41D0DA92BEF4939EC5BE6FA1F0CFC83"
"1","HI3-STAGE-HELPERS-MIXED-20260615-V1","1296","nairieberry","zh-CN/ExcelOutputAsset/StageReChanllenge.json","46801","44442FB74127C4A0684D8AEBD7F3B6AE3EE5FE4FF27993ACCA8B9EFCAD05D4B7"
"1","HI3-STAGE-HELPERS-MIXED-20260615-V1","1297","nairieberry","zh-CN/ExcelOutputAsset/StageResetCostData.json","25040","5F54D7BF5F9A46509A0FDCC2F7B4CADCB73762129A962A6ADACBE8B2104A9387"
"1","HI3-STAGE-HELPERS-MIXED-20260615-V1","1298","nairieberry","zh-CN/ExcelOutputAsset/StageResistanceData.json","3019","2F1DE4A1986076907923A20484E6B30893700368390EEED54FDED400B0CE17D0"
"1","HI3-STAGE-HELPERS-MIXED-20260615-V1","1299","nairieberry","zh-CN/ExcelOutputAsset/StageRestrictData.json","149176","76318F9181386483965FB9B28129594EB337C6A2426B49B4F898E42106481491"
"1","HI3-STAGE-HELPERS-MIXED-20260615-V1","1300","nairieberry","zh-CN/ExcelOutputAsset/StageRestrictExtend.json","28968","AD10037B58100A33D0D0D7857E076EE689EB0694D950C6C82F12C756D6294D8C"
"1","HI3-STAGE-HELPERS-MIXED-20260615-V1","1301","nairieberry","zh-CN/ExcelOutputAsset/StageReviveCostData.json","3112","614C2B84A1119793D6347515601AF675EA58C8F4BF0CEB08560C3175A1AD4683"
"1","HI3-STAGE-HELPERS-MIXED-20260615-V1","1302","nairieberry","zh-CN/ExcelOutputAsset/StageScoreReward.json","2075003","3F4E346CE3D0E0396DA4446A6E21A9407627F5F0D5611F50211A50901743556A"
"1","HI3-STAGE-HELPERS-MIXED-20260615-V1","1303","nairieberry","zh-CN/ExcelOutputAsset/StageScoreRewardDisplay.json","658","54F4A34B7F2ED7DEABE59CD4E2BD7BBC308768D0BDCB7A1F005BA20046026647"
"1","HI3-STAGE-HELPERS-MIXED-20260615-V1","1304","nairieberry","zh-CN/ExcelOutputAsset/StageTutorialData.json","1019","C937749D81466A01C5A2D527F584D831A4A9836441CA6E0E7EEF621A659BA61E"
"1","HI3-STAGE-HELPERS-MIXED-20260615-V1","1305","nairieberry","zh-CN/ExcelOutputAsset/StageTypeData.json","4729","4F0ECEF53C672826D4365A5420CF149024D28B4E194156B6024FFE93D4B1842A"
"1","HI3-STAGE-HELPERS-MIXED-20260615-V1","1306","nairieberry","zh-CN/ExcelOutputAsset/TVTCardLevel.json","10105","01F0B122499ACEBFCF890BCA8EC507A0616ADF6EEAC0BA87A980634495162603"
"1","HI3-STAGE-HELPERS-MIXED-20260615-V1","1307","nairieberry","zh-CN/ExcelOutputAsset/TVTInLevelInteraction.json","827","3CFDDFBF7B532E8E456B44AFAFBD3936054C5709D77DF593FA831938FE44FE49"
"1","HI3-STAGE-HELPERS-MIXED-20260615-V1","1308","nairieberry","zh-CN/ExcelOutputAsset/TVTStage.json","2","4F53CDA18C2BAA0C0354BB5F9A3ECBE5ED12AB4D8E11BA873C2F11161202B945"
"1","HI3-STAGE-HELPERS-MIXED-20260615-V1","1309","nairieberry","zh-CN/ExcelOutputAsset/ThemeData_Stage.json","4096","96ACBBBE407233D16677897F65D3734DB6557AFC02DE5E5F36B37F18FCE50E76"
"1","HI3-STAGE-HELPERS-MIXED-20260615-V1","1310","nairieberry","zh-CN/ExcelOutputAsset/TouchLevelData.json","863","8C13A5CB1C8CC9C28CC2CDC7B6D55B492FB6BD3A145D069508B59A2BAA95E88F"
"1","HI3-STAGE-HELPERS-MIXED-20260615-V1","1311","nairieberry","zh-CN/ExcelOutputAsset/TowerRaidStage.json","14641","08B4593546DF44544D7FEDBCCBEE4FCDB5C67789A1788C0BFAC96207FA3E7414"
"1","HI3-STAGE-HELPERS-MIXED-20260615-V1","1312","nairieberry","zh-CN/ExcelOutputAsset/TowerStageConfig.json","134751","0F66BB4E8E1658BD04E906F53759CB0C13C38DAD5A7069B141525C63CC8FA879"
"1","HI3-STAGE-HELPERS-MIXED-20260615-V1","1313","nairieberry","zh-CN/ExcelOutputAsset/TrainingLevelAchieve.json","2","4F53CDA18C2BAA0C0354BB5F9A3ECBE5ED12AB4D8E11BA873C2F11161202B945"
"1","HI3-STAGE-HELPERS-MIXED-20260615-V1","1314","nairieberry","zh-CN/ExcelOutputAsset/TrainingLevelData.json","2","4F53CDA18C2BAA0C0354BB5F9A3ECBE5ED12AB4D8E11BA873C2F11161202B945"
"1","HI3-STAGE-HELPERS-MIXED-20260615-V1","1315","nairieberry","zh-CN/ExcelOutputAsset/UltraEndlessStage.json","6315","99502E16633F4779C50427DAAE8126A02E863A3E82ABA458743E91025FDC7ED2"
"1","HI3-STAGE-HELPERS-MIXED-20260615-V1","1316","nairieberry","zh-CN/ExcelOutputAsset/UniqueMonsterData.json","3155610","3C3D003AEE30D62CE245014A1FEB4F49989A769EA75C668FAA8AA6E4FE7B6512"
"1","HI3-STAGE-HELPERS-MIXED-20260615-V1","1317","nairieberry","zh-CN/ExcelOutputAsset/VirtualCustomLevelData.json","47571","F71312E6ED92CE5C8F9F6582745D1D1DE18F6C79549B3A65C398AF3CA2D09915"
"1","HI3-STAGE-HELPERS-MIXED-20260615-V1","1318","nairieberry","zh-CN/ExcelOutputAsset/VirtualTrainStageDrop.json","4383","6A7ABE9B7FDDBD25E65E4FD1A8EBBC3FCE8088706C6B04DA858CB44B30B77F88"
"1","HI3-STAGE-HELPERS-MIXED-20260615-V1","1319","nairieberry","zh-CN/ExcelOutputAsset/WantedStageData.json","10495","1FA39184130C8A465A71A3901CD4A3D0203EEB2B956B7911405858156783B1FB"
"1","HI3-STAGE-HELPERS-MIXED-20260615-V1","1320","nairieberry","zh-TW/ExcelOutputAsset/ActivityChargeLevel.json","23557","0C6D9397318F05F84356AA9542F3BB33D6C89FA7D0E72FC90079B5921E46DF57"
"1","HI3-STAGE-HELPERS-MIXED-20260615-V1","1321","nairieberry","zh-TW/ExcelOutputAsset/ActivityStageRank.json","3432","99A99E9AF22429CF8862BCA5A755AFC04768F3C857204A484DB45D4B98097A17"
"1","HI3-STAGE-HELPERS-MIXED-20260615-V1","1322","nairieberry","zh-TW/ExcelOutputAsset/AdventureAvatarSkillLevel.json","7478","A71D2E1FCDEB2C34C476FF96441B888C050C7FC4814A665428C0CE0CE0987A42"
"1","HI3-STAGE-HELPERS-MIXED-20260615-V1","1323","nairieberry","zh-TW/ExcelOutputAsset/AffinityTotalLevelReward.json","2","4F53CDA18C2BAA0C0354BB5F9A3ECBE5ED12AB4D8E11BA873C2F11161202B945"
"1","HI3-STAGE-HELPERS-MIXED-20260615-V1","1324","nairieberry","zh-TW/ExcelOutputAsset/Affix_TitleLevel.json","5267","6494C49FA19F95C34E20D383E55BB257200E4E991F2617A1DD86ED4C7D721A01"
"1","HI3-STAGE-HELPERS-MIXED-20260615-V1","1325","nairieberry","zh-TW/ExcelOutputAsset/ArmadaReunionLevel.json","14599","BCC66D72ED1404D57A8B5373864A2C68C72CEEB1031D29137DCC79CC0C78497D"
"1","HI3-STAGE-HELPERS-MIXED-20260615-V1","1326","nairieberry","zh-TW/ExcelOutputAsset/ArmadaStageBossData.json","2","4F53CDA18C2BAA0C0354BB5F9A3ECBE5ED12AB4D8E11BA873C2F11161202B945"
"1","HI3-STAGE-HELPERS-MIXED-20260615-V1","1327","nairieberry","zh-TW/ExcelOutputAsset/ArmadaStageHardData.json","23530","FCB3C5347DAD9E97616AB88F079B82720E40D3DA88EEB0F941DCB8E93345710F"
"1","HI3-STAGE-HELPERS-MIXED-20260615-V1","1328","nairieberry","zh-TW/ExcelOutputAsset/AvatarArtifactLevel.json","12759","CBBF893E90849F2F3F1C1AE0525488D96819C94455DE8AAE0735CCFF8EB18339"
"1","HI3-STAGE-HELPERS-MIXED-20260615-V1","1329","nairieberry","zh-TW/ExcelOutputAsset/AvatarLevelData.json","11781","B145AAF6FF2E467840BF402A07F9C15BD05D5F697CFABCC81D5F09D228C367BA"
"1","HI3-STAGE-HELPERS-MIXED-20260615-V1","1330","nairieberry","zh-TW/ExcelOutputAsset/AvatarSubSkillLevelDataV2.json","27734","08435097CECF2D440EEC900573A734749BCFD801DFCE068ED5B4EB5B658BA6AC"
"1","HI3-STAGE-HELPERS-MIXED-20260615-V1","1331","nairieberry","zh-TW/ExcelOutputAsset/BattlePassSeasonLevelConfig.json","243204","74A49B4F0A4F59B049C13DC36EF0B8EC6D409394297AF63C03A9971A13DACD10"
"1","HI3-STAGE-HELPERS-MIXED-20260615-V1","1332","nairieberry","zh-TW/ExcelOutputAsset/BattlePassThemeLevelConfig.json","15464","97E289C37105E9DCBB566A9BD50E7B4F242DE739733EFA5638118FA4C931E268"
"1","HI3-STAGE-HELPERS-MIXED-20260615-V1","1333","nairieberry","zh-TW/ExcelOutputAsset/BbqLevel.json","404","85CA11ACB8BBA27EF8514387643CB7115D642812E23CC7808A3CF0C875F9418A"
"1","HI3-STAGE-HELPERS-MIXED-20260615-V1","1334","nairieberry","zh-TW/ExcelOutputAsset/BeastStage.json","4605","CF37D30CE3F6AB8A31AA0272BB890526255D866AF959B39EBFB32F26098A522E"
"1","HI3-STAGE-HELPERS-MIXED-20260615-V1","1335","nairieberry","zh-TW/ExcelOutputAsset/BeastStageDisplay.json","19506","2E4C60F78B989ECF5C289665238B865E44A14DEB04B99955661411D6D796269D"
"1","HI3-STAGE-HELPERS-MIXED-20260615-V1","1336","nairieberry","zh-TW/ExcelOutputAsset/ChallengeWarStageData.json","20509","B1A6DE1CEBCD64F61AF3ACE1AD1A22BC59A88207589BECF6CA3A0B02BD4E811C"
"1","HI3-STAGE-HELPERS-MIXED-20260615-V1","1337","nairieberry","zh-TW/ExcelOutputAsset/ChallengeWarStageFloor.json","2775","39E9E769A2396C87DDDC54493C3C30C5D8533E5FAC2543EA2445534E4261367A"
"1","HI3-STAGE-HELPERS-MIXED-20260615-V1","1338","nairieberry","zh-TW/ExcelOutputAsset/ChapterActivityStage.json","76764","5E38F77ED8194AE837E773B72A1837844A4FD956FF133FEF664739CFA3B1CEE3"
"1","HI3-STAGE-HELPERS-MIXED-20260615-V1","1339","nairieberry","zh-TW/ExcelOutputAsset/ChapterCultivateLevelData.json","25310","8551305EB2DDE4406C3AF12F9A55556A6455E67C51008FE677EA565EBDDD4799"
"1","HI3-STAGE-HELPERS-MIXED-20260615-V1","1340","nairieberry","zh-TW/ExcelOutputAsset/ChapterCultivateMonster.json","822","235A80F5D4AEB0BAD2F227DDCC6AFBCDCBE1737FE8D3DAB4F72AC030C85F851E"
"1","HI3-STAGE-HELPERS-MIXED-20260615-V1","1341","nairieberry","zh-TW/ExcelOutputAsset/CollectionMonsterData.json","11861","D90E9CA27A8E553E01DF113577A371B36554DF6347FF26F2F415A0741C69FA60"
"1","HI3-STAGE-HELPERS-MIXED-20260615-V1","1342","nairieberry","zh-TW/ExcelOutputAsset/CompetitionSeasonLevel.json","9375","5AA098B33EE9471FC00BBE99EE4FF024A584E67D5BA84CF6DED9FF962B41A1AD"
"1","HI3-STAGE-HELPERS-MIXED-20260615-V1","1343","nairieberry","zh-TW/ExcelOutputAsset/CoupleTowerStage.json","3405","79CF2737ECD3C7EB27F4DDED0E449BE2CC80528CDB57AFEE281196FCF1835958"
"1","HI3-STAGE-HELPERS-MIXED-20260615-V1","1344","nairieberry","zh-TW/ExcelOutputAsset/CrisisModeStageConfig.json","633","DEABBE47699FE38E8268443DFD016F26D87B6F4DBB6CEA89CCD5221349CBB94C"
"1","HI3-STAGE-HELPERS-MIXED-20260615-V1","1345","nairieberry","zh-TW/ExcelOutputAsset/CrisisModeStageGroupConfig.json","344","72D41E3A25E0DBAB59B918170526C2F907680A72FD97F9ECF57667524A4B4C99"
"1","HI3-STAGE-HELPERS-MIXED-20260615-V1","1346","nairieberry","zh-TW/ExcelOutputAsset/DLCLevelData.json","17636","B1A5EE7E1201698C571270621CD4B40E9D52115C9EEA7EBDBA23BA703FDD1872"
"1","HI3-STAGE-HELPERS-MIXED-20260615-V1","1347","nairieberry","zh-TW/ExcelOutputAsset/DLCLevelDiff.json","372","C50E300F1F3E58D755D5EA1F3901A6B29B67A5D4FCEE03D0268DE7E3608314D0"
"1","HI3-STAGE-HELPERS-MIXED-20260615-V1","1348","nairieberry","zh-TW/ExcelOutputAsset/DLCRecommendLevel.json","2235","5F34A789187035EC5FDCFB611C6C3B0645C8FD7D4F8E69C3A1D6BF7E9C16ED9D"
"1","HI3-STAGE-HELPERS-MIXED-20260615-V1","1349","nairieberry","zh-TW/ExcelOutputAsset/DLCSupportLevelData.json","433","8FD4B10FFA4EC9547DFDE57D157B327EDBDAA2CE9766EB10A0A29EFB594A236B"
"1","HI3-STAGE-HELPERS-MIXED-20260615-V1","1350","nairieberry","zh-TW/ExcelOutputAsset/DLCTalentLevelData.json","231759","46AA08E23CE11E1BB2D57BA818573B99D1BEDBBE8CA435F40AF707178DF4EB13"
"1","HI3-STAGE-HELPERS-MIXED-20260615-V1","1351","nairieberry","zh-TW/ExcelOutputAsset/DLCTowerMonster.json","1521","82CE44F899AF8DB2F70227527ACA2484AA6B05A0490C9B83B0540BFE37986A63"
"1","HI3-STAGE-HELPERS-MIXED-20260615-V1","1352","nairieberry","zh-TW/ExcelOutputAsset/DailyMPStageData.json","5658","721471620342A3BF10FE4704FBCB22CA679098D9AD01537C784F2523D64A5082"
"1","HI3-STAGE-HELPERS-MIXED-20260615-V1","1353","nairieberry","zh-TW/ExcelOutputAsset/Decrypted/StageData_Main.json","30943800","5D49EACC6613FA5159BFB5978B35A6109F8B1DD864E3F563E57D756E6D58310E"
"1","HI3-STAGE-HELPERS-MIXED-20260615-V1","1354","nairieberry","zh-TW/ExcelOutputAsset/ElfLevelData.json","4674","A20B1D687221C88BC3EF2599C3788743972666B10B77AD85931D1A9FB7C121D8"
"1","HI3-STAGE-HELPERS-MIXED-20260615-V1","1355","nairieberry","zh-TW/ExcelOutputAsset/ElfTalentLevelData.json","32919","100FB64F382692DA28E127A924088FF41B7E47092AD31B957219A02312969B45"
"1","HI3-STAGE-HELPERS-MIXED-20260615-V1","1356","nairieberry","zh-TW/ExcelOutputAsset/EliteStage.json","27283","7C654FA4A3024F2C22650E6080410FEDE74A6B46E5E563C2FA66C085E55F7F37"
"1","HI3-STAGE-HELPERS-MIXED-20260615-V1","1357","nairieberry","zh-TW/ExcelOutputAsset/EliteStageCompensation.json","33231","D85FF3BC9A162E3FCB8138BF4B1E0F86C3C2C7E3813C4FFD23638D622FD0251D"
"1","HI3-STAGE-HELPERS-MIXED-20260615-V1","1358","nairieberry","zh-TW/ExcelOutputAsset/EquipmentLevelData.json","39147","A1B63C9EF8596DAFD55A4B8C07F578054BA78946DF7C93F70A326CF26029C288"
"1","HI3-STAGE-HELPERS-MIXED-20260615-V1","1359","nairieberry","zh-TW/ExcelOutputAsset/ExBossLevelData.json","1743","E49D409A95C82201AA32C2A145AE7A6EB6FC93713B7C1FB58FD410842DD6A0D7"
"1","HI3-STAGE-HELPERS-MIXED-20260615-V1","1360","nairieberry","zh-TW/ExcelOutputAsset/ExBossMonsterData.json","1105304","A7895547AB5DAEEED4082BD442568B18111E5EFA2A69D479B5BCDE93BF33E883"
"1","HI3-STAGE-HELPERS-MIXED-20260615-V1","1361","nairieberry","zh-TW/ExcelOutputAsset/ExBossMonsterSchedule.json","61951","B7CEC4DF2FC5FC511CE6CB1491B5E928B3A6B56FC26B40F2C97E859F8FDC9610"
"1","HI3-STAGE-HELPERS-MIXED-20260615-V1","1362","nairieberry","zh-TW/ExcelOutputAsset/FarmLevel.json","934","64BCC45E5B561B7B19DDE271FAF405FA07C282F1A0992E9F0E0277743DD63C33"
"1","HI3-STAGE-HELPERS-MIXED-20260615-V1","1363","nairieberry","zh-TW/ExcelOutputAsset/FastPassLevel.json","10883","C1E2C94C68EC3CC4148066B835105823E5B43607B1C94745C79961C9C30B0EFA"
"1","HI3-STAGE-HELPERS-MIXED-20260615-V1","1364","nairieberry","zh-TW/ExcelOutputAsset/GeneralActivityStage.json","67469","B650EA088907627F8C727659C6E2CCA8C91125378CE60248C30A695EE97FEDAF"
"1","HI3-STAGE-HELPERS-MIXED-20260615-V1","1365","nairieberry","zh-TW/ExcelOutputAsset/GeneralActivityStageGroup.json","236375","09E269E656971C6238F5D438FD9C484DA96F2CD5267165AD78CB61CE821B585D"
"1","HI3-STAGE-HELPERS-MIXED-20260615-V1","1366","nairieberry","zh-TW/ExcelOutputAsset/GeneralActivityStageHomu.json","645","158923BE7F7260526DF60B5010EF376A1E404F862958C55BEC50AE9E9B027E9C"
"1","HI3-STAGE-HELPERS-MIXED-20260615-V1","1367","nairieberry","zh-TW/ExcelOutputAsset/GeneralActivityStageReward.json","2","4F53CDA18C2BAA0C0354BB5F9A3ECBE5ED12AB4D8E11BA873C2F11161202B945"
"1","HI3-STAGE-HELPERS-MIXED-20260615-V1","1368","nairieberry","zh-TW/ExcelOutputAsset/GlobalArmadaReunionLevel.json","6847","236E14F77ADDECEA145F03DAD83C65B4714A3A06057984876D7BCC487A7DDD75"
"1","HI3-STAGE-HELPERS-MIXED-20260615-V1","1369","nairieberry","zh-TW/ExcelOutputAsset/GlobalWarStage.json","28455","55C10A503E1D86E2E08BC93D80310A47FDED7B81E2D9552FB68C5463E0CE35FA"
"1","HI3-STAGE-HELPERS-MIXED-20260615-V1","1370","nairieberry","zh-TW/ExcelOutputAsset/GrandKeyLevel.json","10019","F2599A409A93C0CB21134B56DC937C9FFC2A238FF87EC2F7192873C45D718A28"
"1","HI3-STAGE-HELPERS-MIXED-20260615-V1","1371","nairieberry","zh-TW/ExcelOutputAsset/GratuityStage.json","45611","881DEDBF3EB8217564089E4D0A7D4AA9032ACAF3259A090C63E072880C3F96E3"
"1","HI3-STAGE-HELPERS-MIXED-20260615-V1","1372","nairieberry","zh-TW/ExcelOutputAsset/GratuityStageClass.json","18426","F1388DF69BB70FE41038A237FE8CD39F891A1A80F85BDE4E8CC8E95E9E860CA6"
"1","HI3-STAGE-HELPERS-MIXED-20260615-V1","1373","nairieberry","zh-TW/ExcelOutputAsset/InLevelDialog.json","334459","71EC1AA856D6628700707B4A878743E0322791A26343A8AC135AD75F3347FDDE"
"1","HI3-STAGE-HELPERS-MIXED-20260615-V1","1374","nairieberry","zh-TW/ExcelOutputAsset/KingdomsStage.json","71316","64F20E18A3466F254A488C3F08A067A7BDCC4CFCD02B5C84A677F8082B6A65AB"
"1","HI3-STAGE-HELPERS-MIXED-20260615-V1","1375","nairieberry","zh-TW/ExcelOutputAsset/KingdomsWarStageCurrency.json","3211","F2841EF87460540DA07286F7CFE63806CBEB519DF4D58F2496D4D76369844627"
"1","HI3-STAGE-HELPERS-MIXED-20260615-V1","1376","nairieberry","zh-TW/ExcelOutputAsset/LevelMatrixArmadaData.json","378","6AEF61D3273F5326B3608D7C91F91AC404A0281BF1273D02655AD6AF233228C6"
"1","HI3-STAGE-HELPERS-MIXED-20260615-V1","1377","nairieberry","zh-TW/ExcelOutputAsset/LevelMatrixBlockData.json","333","6652C3237FE7A1E7E28C9803A342BED893D900B20EA04BCB5005C9B5B128C786"
"1","HI3-STAGE-HELPERS-MIXED-20260615-V1","1378","nairieberry","zh-TW/ExcelOutputAsset/LevelMatrixBuffData.json","1704","62644E0B0EC97246CFF92DE80BDFA89B61CD7C12D50CF5162E8A93C2531CCDF6"
"1","HI3-STAGE-HELPERS-MIXED-20260615-V1","1379","nairieberry","zh-TW/ExcelOutputAsset/LevelMatrixEventDialog.json","4287","CA5F8DF2CB3C1ED1381B11A4B9390252E45CCF282AC17B8A2C34B1043CC68430"
"1","HI3-STAGE-HELPERS-MIXED-20260615-V1","1380","nairieberry","zh-TW/ExcelOutputAsset/LevelMatrixFloorData.json","771","F28A1480CCB599DCB2ABD33E00E6808F282221577CF638D2508D78C54419AD86"
"1","HI3-STAGE-HELPERS-MIXED-20260615-V1","1381","nairieberry","zh-TW/ExcelOutputAsset/LevelMatrixFloorRequirement.json","2","4F53CDA18C2BAA0C0354BB5F9A3ECBE5ED12AB4D8E11BA873C2F11161202B945"
"1","HI3-STAGE-HELPERS-MIXED-20260615-V1","1382","nairieberry","zh-TW/ExcelOutputAsset/LevelMatrixGoods.json","908","E99D4FF4FC6473DAC60144A505CD32BA1B15784571FF4669692CB7A81CF31DA7"
"1","HI3-STAGE-HELPERS-MIXED-20260615-V1","1383","nairieberry","zh-TW/ExcelOutputAsset/LevelMatrixGridIndex.json","40163","0BE8AD919214D93B540348B93B057CDD911E6CE391D26A84DBD462C92DE70257"
"1","HI3-STAGE-HELPERS-MIXED-20260615-V1","1384","nairieberry","zh-TW/ExcelOutputAsset/LevelMatrixLevelLogic.json","16122","65E969EAE524C2A6D74F0173677F3563010C0685C23CF3C60E558C34ABECBF87"
"1","HI3-STAGE-HELPERS-MIXED-20260615-V1","1385","nairieberry","zh-TW/ExcelOutputAsset/LevelMatrixMapInfo.json","536","8D03B98F34810061F37246DE019B46402AD2D2C5E2C0D487C668259ECA02B71D"
"1","HI3-STAGE-HELPERS-MIXED-20260615-V1","1386","nairieberry","zh-TW/ExcelOutputAsset/LevelMatrixMessage.json","585","FF8BCF8C1659FEB145F8DC3BCE022613D5CFF728BA4AF528299F32F2B5AF6981"
"1","HI3-STAGE-HELPERS-MIXED-20260615-V1","1387","nairieberry","zh-TW/ExcelOutputAsset/LevelMatrixMonsterData.json","32349","5275119C20139E6B631CFCAC1CD93CE3CD9C0913A95BE4A20F3B33F0D709E305"
"1","HI3-STAGE-HELPERS-MIXED-20260615-V1","1388","nairieberry","zh-TW/ExcelOutputAsset/LevelMatrixPresetData.json","25292","3E37B9383A553EEDDB6E18050B6C2DC82E285D1A7F23CAB2E99E9D377EB90E1F"
"1","HI3-STAGE-HELPERS-MIXED-20260615-V1","1389","nairieberry","zh-TW/ExcelOutputAsset/LevelMatrixSchedule.json","2","4F53CDA18C2BAA0C0354BB5F9A3ECBE5ED12AB4D8E11BA873C2F11161202B945"
"1","HI3-STAGE-HELPERS-MIXED-20260615-V1","1390","nairieberry","zh-TW/ExcelOutputAsset/LevelMatrixScoreBonus.json","10409","8D37603378B8D8C4E0F53C11C2052518307E174D57748821373774B1F109AB1F"
"1","HI3-STAGE-HELPERS-MIXED-20260615-V1","1391","nairieberry","zh-TW/ExcelOutputAsset/LevelMatrixSuddenEvent.json","17498","89A08957A60EF66049680B27FD6E7E183522875A050ADAE90AF8F0F509221BD4"
"1","HI3-STAGE-HELPERS-MIXED-20260615-V1","1392","nairieberry","zh-TW/ExcelOutputAsset/LevelMatrixTheme.json","3026","EDC61F8A64E22828B58996777FB3EC77E5EFCD7E48B03CB32D92313F3DA748DB"
"1","HI3-STAGE-HELPERS-MIXED-20260615-V1","1393","nairieberry","zh-TW/ExcelOutputAsset/LevelMatrixTreasureBox.json","1677","619352328A4A02AB753FE981598469E860C38C586A04B21DA74439712A863854"
"1","HI3-STAGE-HELPERS-MIXED-20260615-V1","1394","nairieberry","zh-TW/ExcelOutputAsset/LevelMatrixUseItem.json","1267","9B99A5D38F7B513C3A6E37B07CC58EA66C3AAB8EE23B86840D9C68D88DB06748"
"1","HI3-STAGE-HELPERS-MIXED-20260615-V1","1395","nairieberry","zh-TW/ExcelOutputAsset/LevelSave.json","4960","05DA862143326955E919C8C7010D9DFE228E0B15D061EA16321198A0BA81B23C"
"1","HI3-STAGE-HELPERS-MIXED-20260615-V1","1396","nairieberry","zh-TW/ExcelOutputAsset/LevelStatistics.json","249428","41A015BE765490674D25A65D1C68DE328E6FD6008971717249DCA7DC0A0890E5"
"1","HI3-STAGE-HELPERS-MIXED-20260615-V1","1397","nairieberry","zh-TW/ExcelOutputAsset/LevelTrialData.json","785143","031A2732E7AC50D67A4F0B4AB0A3D4B8460C11669A21A80F68D9768A293EAFDA"
"1","HI3-STAGE-HELPERS-MIXED-20260615-V1","1398","nairieberry","zh-TW/ExcelOutputAsset/MPLevel.json","25355","F6E346D4985380D675ED2DE039C960D23372F3E038BDD478AB02B70B12EAF1B1"
"1","HI3-STAGE-HELPERS-MIXED-20260615-V1","1399","nairieberry","zh-TW/ExcelOutputAsset/MPStageBuff.json","720","F5CEE4F8DB8DF211030392D17A3DE7FACFAE71CE408CB48FF75EE88E104DC327"
"1","HI3-STAGE-HELPERS-MIXED-20260615-V1","1400","nairieberry","zh-TW/ExcelOutputAsset/MPStageData.json","933990","76F7BB832D77F151F099B7D336F72D5A8CB407B2B98B078B46D5D4E8BA12D58F"
"1","HI3-STAGE-HELPERS-MIXED-20260615-V1","1401","nairieberry","zh-TW/ExcelOutputAsset/MPStagePlayerLevelDrop.json","7138","E1F061F1E1F136DEFE58260A559CC3AB84A9852DC934F491217F4EF9A37C2CCC"
"1","HI3-STAGE-HELPERS-MIXED-20260615-V1","1402","nairieberry","zh-TW/ExcelOutputAsset/MainstageEvent.json","11013","1EE8ABB5D818572A33904F00D7BF4BBFD96B7581094600D0DF9198D873DFA99F"
"1","HI3-STAGE-HELPERS-MIXED-20260615-V1","1403","nairieberry","zh-TW/ExcelOutputAsset/MapLevelData.json","12352","CA9FFFF33AE591AF1B1EAFEAE397218FA799837F8EB9F8BC06DE976ED8F1EB01"
"1","HI3-STAGE-HELPERS-MIXED-20260615-V1","1404","nairieberry","zh-TW/ExcelOutputAsset/MapSiteQualityConfig.json","1399","FD3D1D578D2E9F3E5AFBB07A102A0D986935E9CC9E85AEFA45B27F9E33F17E86"
"1","HI3-STAGE-HELPERS-MIXED-20260615-V1","1405","nairieberry","zh-TW/ExcelOutputAsset/MapSiteScheduleData.json","8742","90DBE3410DCB32AA82CE4F79EAB0451D4FDF8572C61CAC562F66E5D1A1DED909"
"1","HI3-STAGE-HELPERS-MIXED-20260615-V1","1406","nairieberry","zh-TW/ExcelOutputAsset/MapSiteStageData.json","50115","086B4FE9CA55A6D24F5F7238240C557B8AEA5F3D123F7E591179E25D6C9133FD"
"1","HI3-STAGE-HELPERS-MIXED-20260615-V1","1407","nairieberry","zh-TW/ExcelOutputAsset/MassiveWarMonsterData.json","1731","2FCCFFCFBBD720F1D20F59740186C9F6AB2EFE367ACEE6ADF67978E80E36DB3B"
"1","HI3-STAGE-HELPERS-MIXED-20260615-V1","1408","nairieberry","zh-TW/ExcelOutputAsset/MassiveWarStage.json","3171","41E7FE71FC0562F9DAAF891F97441746D20A124CF6D3928E4DA7613E6BD758D9"
"1","HI3-STAGE-HELPERS-MIXED-20260615-V1","1409","nairieberry","zh-TW/ExcelOutputAsset/MassiveWarStageInfo.json","939","8D45194B596025D7E2F36D458C033022FF98BF8849C629F927CE4585FCBDBC45"
"1","HI3-STAGE-HELPERS-MIXED-20260615-V1","1410","nairieberry","zh-TW/ExcelOutputAsset/MentorFameLevelData.json","1934","68697A8E72F8CA02FF7D3D8B46A3077B40289931F716D06E904822A4082F6309"
"1","HI3-STAGE-HELPERS-MIXED-20260615-V1","1411","nairieberry","zh-TW/ExcelOutputAsset/MiniBossExamHardStageData.json","14921","B818F1DE01B11BFDF9300A8229925EDA90C64398A1DDE3DF444B0FDDA826EC78"
"1","HI3-STAGE-HELPERS-MIXED-20260615-V1","1412","nairieberry","zh-TW/ExcelOutputAsset/MiniSkyFire_Stage.json","6294","31C626874C5A2AD0E9AECF509659930C67A39FC10429EBB505F860E0E19A87D3"
"1","HI3-STAGE-HELPERS-MIXED-20260615-V1","1413","nairieberry","zh-TW/ExcelOutputAsset/MonopolyLevelInfo.json","186186","D56387C77295D96AC82A3033776E12A7D5DB99BCF46DC2B2924E95712735A201"
"1","HI3-STAGE-HELPERS-MIXED-20260615-V1","1414","nairieberry","zh-TW/ExcelOutputAsset/MonsterConfigData.json","279349","B4595EE27C035531A33E039B1EFF875373FD1413F483B0D267D63C2FC6D4C104"
"1","HI3-STAGE-HELPERS-MIXED-20260615-V1","1415","nairieberry","zh-TW/ExcelOutputAsset/MonsterResistance.json","50191","82CED73BDD4CD511D6BAAFB70C21447E94D294B64941C975540F19E6F8ED5FE2"
"1","HI3-STAGE-HELPERS-MIXED-20260615-V1","1416","nairieberry","zh-TW/ExcelOutputAsset/MonsterWikiData.json","24018","4FCDEC0A222F3FD24873CD8F7C2C81F1837CFB01B496EDB8B0892F5DBDE91FD8"
"1","HI3-STAGE-HELPERS-MIXED-20260615-V1","1417","nairieberry","zh-TW/ExcelOutputAsset/MonsterWikiDescConfig.json","47911","5DF3F6851728F6F213E523E1D90BA05FE573D4D6917DEDD34087BC39432D032F"
"1","HI3-STAGE-HELPERS-MIXED-20260615-V1","1418","nairieberry","zh-TW/ExcelOutputAsset/MonsterWikiPage.json","932","81D851CD662FFF6108EC3A2A7C9111FE26D3F03BC25F42EC04CD5B4053124A96"
"1","HI3-STAGE-HELPERS-MIXED-20260615-V1","1419","nairieberry","zh-TW/ExcelOutputAsset/NPCLevelLogic.json","2118840","AC76C9C24E09A5421C7E6C53F2B0D637E3546CF2804B17F057167317F39B8D4E"
"1","HI3-STAGE-HELPERS-MIXED-20260615-V1","1420","nairieberry","zh-TW/ExcelOutputAsset/NewbieActivityLevelReward.json","23741","E8289DE4A92A5E2402CDF798838D105D9CE056529D9FE2236DCB8D87D63CC3F8"
"1","HI3-STAGE-HELPERS-MIXED-20260615-V1","1421","nairieberry","zh-TW/ExcelOutputAsset/NewbieActivityStageMission.json","39265","8E8E9442BD5C057B50C53BB38320EB0D09B10039AE6A04611688182BFE7F331C"
"1","HI3-STAGE-HELPERS-MIXED-20260615-V1","1422","nairieberry","zh-TW/ExcelOutputAsset/NinjaSlotLevel.json","12195","E193E6F6B9B758B4FA7CF7E53126414D3FE8BA50DC3C9C913AE3A523FB815C6C"
"1","HI3-STAGE-HELPERS-MIXED-20260615-V1","1423","nairieberry","zh-TW/ExcelOutputAsset/OVOStageEffect.json","2","4F53CDA18C2BAA0C0354BB5F9A3ECBE5ED12AB4D8E11BA873C2F11161202B945"
"1","HI3-STAGE-HELPERS-MIXED-20260615-V1","1424","nairieberry","zh-TW/ExcelOutputAsset/OVOStageRobot.json","1456","AE0EE466A60CB0433A1125F011228B5F2993C7393629AB3CEC7E664DF77DCFE6"
"1","HI3-STAGE-HELPERS-MIXED-20260615-V1","1425","nairieberry","zh-TW/ExcelOutputAsset/OWActivityLevelData.json","1634","A196F66B13602AB7B92E83D1A86638FB7939B2E43BF3D54981F117C3C6342070"
"1","HI3-STAGE-HELPERS-MIXED-20260615-V1","1426","nairieberry","zh-TW/ExcelOutputAsset/OWEndlessMonsterData.json","462391","2AAA5A269A17BDE103C2064A528DAEA3FEBD3614FE5EE3530A11D7C7E7DA56C8"
"1","HI3-STAGE-HELPERS-MIXED-20260615-V1","1427","nairieberry","zh-TW/ExcelOutputAsset/OWEndlessMonsterGroupScore.json","144495","6303A39BDD67ECFB6C0D8429B26877C114A979165416AB185D0407887032E624"
"1","HI3-STAGE-HELPERS-MIXED-20260615-V1","1428","nairieberry","zh-TW/ExcelOutputAsset/OWEndlessMonsterInitType.json","242904","A578E75494B40147EBEA24D157C1B418B7672C68BD50749D9BE85B3F6A970937"
"1","HI3-STAGE-HELPERS-MIXED-20260615-V1","1429","nairieberry","zh-TW/ExcelOutputAsset/OWEndlessSingleModeStage.json","780","0DB024D2E9C834B230C07DF71CC8B1500EFA513237C0B95D0EC4D91A7D896C78"
"1","HI3-STAGE-HELPERS-MIXED-20260615-V1","1430","nairieberry","zh-TW/ExcelOutputAsset/OWEndlessSingleMonsterGroup.json","4210","A3E187865C1FE179435654839B66BF3B2C4461384D8799261BE07DD90AC72ABF"
"1","HI3-STAGE-HELPERS-MIXED-20260615-V1","1431","nairieberry","zh-TW/ExcelOutputAsset/OpenWorldDestinyLevelDiff.json","384","275B42CCF22C14365812EBA34C8F3AFF01F0BA666BEB2CA573C3588AF459CD04"
"1","HI3-STAGE-HELPERS-MIXED-20260615-V1","1432","nairieberry","zh-TW/ExcelOutputAsset/OpenWorldQuestLevelData.json","5235","A5C65CD7B1F2F16F8D78E937E42D72214DDE8188824C0DC5C499F6201DB01486"
"1","HI3-STAGE-HELPERS-MIXED-20260615-V1","1433","nairieberry","zh-TW/ExcelOutputAsset/OpenWorldQuestMapLevel.json","26178","C88F20121E77E3A0941F878E448A827F0595A39144FDCDE636B2918608C6A443"
"1","HI3-STAGE-HELPERS-MIXED-20260615-V1","1434","nairieberry","zh-TW/ExcelOutputAsset/OpenWorldQuestMonsterPower.json","5056","40FD026549D2076574C5A84089C0ECE1FC8A8F483FF3690BA411C425A3F93F23"
"1","HI3-STAGE-HELPERS-MIXED-20260615-V1","1435","nairieberry","zh-TW/ExcelOutputAsset/PlayerLevelData.json","20246","B337E81174765D7632E76226E9E95393A9D2C71A6B239072D25BB8D13F41A7B1"
"1","HI3-STAGE-HELPERS-MIXED-20260615-V1","1436","nairieberry","zh-TW/ExcelOutputAsset/PlayerLevelLock.json","1903","0C51DCD218CCEBCCFAB37CA41EB8BD010B206BD39590B7A632965491348DAD20"
"1","HI3-STAGE-HELPERS-MIXED-20260615-V1","1437","nairieberry","zh-TW/ExcelOutputAsset/QTEndlessMonsterData.json","93111","4C805DD9FDDDA8AD50EDA1CDF770D19BAE47F2B20D74614E83D4179CBBF387C3"
"1","HI3-STAGE-HELPERS-MIXED-20260615-V1","1438","nairieberry","zh-TW/ExcelOutputAsset/QTEndlessMonsterWave.json","70620","A0B001330CC2BA3355E4F53E002673BDA5B7E76D0D66913A10E1F803293BFBD1"
"1","HI3-STAGE-HELPERS-MIXED-20260615-V1","1439","nairieberry","zh-TW/ExcelOutputAsset/RandomEffectLevel.json","4872","DEB95503175FB917682FC5271C51C2E3D223A72F89FB77B58171A15BDE8E06AF"
"1","HI3-STAGE-HELPERS-MIXED-20260615-V1","1440","nairieberry","zh-TW/ExcelOutputAsset/ReclaimEventLevel.json","11576","8AC33FB6D1CB1485FC4225B6701A1BF7211F650EC493E10415F2B9995381EA98"
"1","HI3-STAGE-HELPERS-MIXED-20260615-V1","1441","nairieberry","zh-TW/ExcelOutputAsset/ReclaimEventStageList.json","6692","90F5525FF1B722455D1A4D36E6A56A8801A38C69609AC4AF18A9470859F4C386"
"1","HI3-STAGE-HELPERS-MIXED-20260615-V1","1442","nairieberry","zh-TW/ExcelOutputAsset/RelationStageBonusDrop.json","8865","7E74729AC412A06B5B55919BF504C3EFF15BB94C88EB8A9C2E110FA74F9F9D8D"
"1","HI3-STAGE-HELPERS-MIXED-20260615-V1","1443","nairieberry","zh-TW/ExcelOutputAsset/RestrictExtend_Stage.json","15053","43AC1F8CAE2B8CA417D26F631914B0B749D5C85D23227D54E8C28B241695B10C"
"1","HI3-STAGE-HELPERS-MIXED-20260615-V1","1444","nairieberry","zh-TW/ExcelOutputAsset/ReunionCookStage.json","2043","29D61CF15BF1A65F4447F16618F7720FEC3795467A540FC9BEB184316774D9A3"
"1","HI3-STAGE-HELPERS-MIXED-20260615-V1","1445","nairieberry","zh-TW/ExcelOutputAsset/RichMonsterInfo.json","29102","6454F14CFB14E24C9993380CE5289B322574EDA8EE55D186CBA06AFBAA838F5A"
"1","HI3-STAGE-HELPERS-MIXED-20260615-V1","1446","nairieberry","zh-TW/ExcelOutputAsset/RogueStageAvatarPosData.json","594","64ADA46BAD4B333EF28F7C62697F1E4C5D48149A3C106C9C109D5C2602024748"
"1","HI3-STAGE-HELPERS-MIXED-20260615-V1","1447","nairieberry","zh-TW/ExcelOutputAsset/RogueStageData.json","270924","7FC6C849634D17D27C2F9A89E16B4B2F8721B0DEF03788377C53B510BD55325C"
"1","HI3-STAGE-HELPERS-MIXED-20260615-V1","1448","nairieberry","zh-TW/ExcelOutputAsset/RogueStageDebuffData.json","1888","EA636910D157F841ACD6C1E5B5A674FEF6074B3BF69D63E5B441F8940A7B3BFD"
"1","HI3-STAGE-HELPERS-MIXED-20260615-V1","1449","nairieberry","zh-TW/ExcelOutputAsset/RogueStageHardLevelData.json","452","D6B85FFDB31FB15283A60ACC6DEDC241FDA3E4358D895B1D9AABDB04504A281D"
"1","HI3-STAGE-HELPERS-MIXED-20260615-V1","1450","nairieberry","zh-TW/ExcelOutputAsset/RogueStageLuaData.json","2625","74BB2C56E2F89CED046ADA1733D30D38C1F3E658AB594202C7FD9464186F263D"
"1","HI3-STAGE-HELPERS-MIXED-20260615-V1","1451","nairieberry","zh-TW/ExcelOutputAsset/RogueTowerStage.json","75954","797ACB02E7F34EA7E4A10665BAB16EAB0FA51371A46037D6C68DF9B04EF3ADD9"
"1","HI3-STAGE-HELPERS-MIXED-20260615-V1","1452","nairieberry","zh-TW/ExcelOutputAsset/RpgLevelProgress.json","2526","BD4E4C7502DC955396B4F03C285834A6DBC919132FAD6966BEB0C2CC08DBDF9A"
"1","HI3-STAGE-HELPERS-MIXED-20260615-V1","1453","nairieberry","zh-TW/ExcelOutputAsset/RpgStageDrop.json","21537","48CF9B5F3D8B698EC70F3AA120001EF13C2A5F19F74CCBAF62C850385DB17832"
"1","HI3-STAGE-HELPERS-MIXED-20260615-V1","1454","nairieberry","zh-TW/ExcelOutputAsset/RpgStageScore.json","401259","306580749FA92C03323190EBE0FB1EAE6C6F392BDDF53FE7AE1CB5DC18A00FC2"
"1","HI3-STAGE-HELPERS-MIXED-20260615-V1","1455","nairieberry","zh-TW/ExcelOutputAsset/RpgTaleStageEnterTimes.json","2646","B705511D32BEA08360D0A4094B1FFEDB98E77C0A1D8486A8FE44F5DDAFC7E47C"
"1","HI3-STAGE-HELPERS-MIXED-20260615-V1","1456","nairieberry","zh-TW/ExcelOutputAsset/SanctuaryBuildingLevel.json","2","4F53CDA18C2BAA0C0354BB5F9A3ECBE5ED12AB4D8E11BA873C2F11161202B945"
"1","HI3-STAGE-HELPERS-MIXED-20260615-V1","1457","nairieberry","zh-TW/ExcelOutputAsset/SanctuaryStageConfig.json","17097","6F58C4EC254F0824C5CEA708162D835FB937AB2DFDF67136FFF12C629CBF0355"
"1","HI3-STAGE-HELPERS-MIXED-20260615-V1","1458","nairieberry","zh-TW/ExcelOutputAsset/SingleRaidStepStage.json","6083","53D81E2181F2396B3EAD7DE8C0EAA31A72D8B350AA06032044B2877DA11A879D"
"1","HI3-STAGE-HELPERS-MIXED-20260615-V1","1459","nairieberry","zh-TW/ExcelOutputAsset/StageChallengeData.json","159015","33F8294F5CA8EC065FEAD91F7DD7997841F1D75F7D23F0C4D2987FAC08524F55"
"1","HI3-STAGE-HELPERS-MIXED-20260615-V1","1460","nairieberry","zh-TW/ExcelOutputAsset/StageDamageStatistics.json","10608","DDEF2D45C702DDE1A458BF2DDC1B11080780B5FB54871F48D6BA04D44831717D"
"1","HI3-STAGE-HELPERS-MIXED-20260615-V1","1461","nairieberry","zh-TW/ExcelOutputAsset/StageData_Story.json","11032","DD8B1B9E463DB2F3EA51526973FF645BCC8617B4C52C1DFDCEBADDADE95969DE"
"1","HI3-STAGE-HELPERS-MIXED-20260615-V1","1462","nairieberry","zh-TW/ExcelOutputAsset/StageData_StoryMapped.json","4402","A1776A59F0BFA4B41B0880D034B641F00FF5877295D580977F27EE9795205375"
"1","HI3-STAGE-HELPERS-MIXED-20260615-V1","1463","nairieberry","zh-TW/ExcelOutputAsset/StageDetail.json","1989624","B0A16C261BAA36ED2203B5B2BBE283B82C454E546FB13BED55238401B3EADAD7"
"1","HI3-STAGE-HELPERS-MIXED-20260615-V1","1464","nairieberry","zh-TW/ExcelOutputAsset/StageDetailLayout.json","14671","C603F85359C3434C39285C93D2F59262C94B04006EA4B0374B45043750E2892F"
"1","HI3-STAGE-HELPERS-MIXED-20260615-V1","1465","nairieberry","zh-TW/ExcelOutputAsset/StageDetail_Ability.json","295910","A9CF126B7F3F087F11CD8E7A1B7BBE0217020B3342BFAABC835864A64C67955D"
"1","HI3-STAGE-HELPERS-MIXED-20260615-V1","1466","nairieberry","zh-TW/ExcelOutputAsset/StageDetail_AccumuatorGauge.json","613","8AB8BB241050F1F327FD545AE3D276BAE7AF0CB85922A560459B7837A18B00F3"
"1","HI3-STAGE-HELPERS-MIXED-20260615-V1","1467","nairieberry","zh-TW/ExcelOutputAsset/StageDetail_Effect.json","238970","8A9E4FCB124AE4687C36119A3CFE4F76D1F12C7966057BEC943E697D37ABFFB8"
"1","HI3-STAGE-HELPERS-MIXED-20260615-V1","1468","nairieberry","zh-TW/ExcelOutputAsset/StageDetail_Monster.json","524547","7F97970D51368B3F7DA3C54625710F0F82F35FDC705DBEDE5D58F0051E2F68EC"
"1","HI3-STAGE-HELPERS-MIXED-20260615-V1","1469","nairieberry","zh-TW/ExcelOutputAsset/StageDetail_Monster_Resist.json","6722","0064A5C23C760C1948E4992E0D4AA4E995038A5684D61A7E5B7FC56862BCE10B"
"1","HI3-STAGE-HELPERS-MIXED-20260615-V1","1470","nairieberry","zh-TW/ExcelOutputAsset/StageDetail_Nature.json","492","B980841C3B023A10CF41E135115B9EFA5F141561D89843440EDEAEDC0E45A926"
"1","HI3-STAGE-HELPERS-MIXED-20260615-V1","1471","nairieberry","zh-TW/ExcelOutputAsset/StageDetail_SkillType.json","3738","1CCAFC8D5DEDCB9670DFE1CA4420E26AD9390C33390295FF362AC0D10F2E2BCD"
"1","HI3-STAGE-HELPERS-MIXED-20260615-V1","1472","nairieberry","zh-TW/ExcelOutputAsset/StageDialogData.json","271142","0D08B4B5A43AD7A6D0945DB47119957F26E230B57485BA3F349829C605380730"
"1","HI3-STAGE-HELPERS-MIXED-20260615-V1","1473","nairieberry","zh-TW/ExcelOutputAsset/StageDropItemData.json","506903","DF95A0749D17544D457CA480D9FA4760642F80204A738FE362636A2F707D75B9"
"1","HI3-STAGE-HELPERS-MIXED-20260615-V1","1474","nairieberry","zh-TW/ExcelOutputAsset/StageEffectCarryOn.json","2145","9CC366E981FAA75A013C107C54AD52DFD90C964092A8235F02AE6428594AE9FD"
"1","HI3-STAGE-HELPERS-MIXED-20260615-V1","1475","nairieberry","zh-TW/ExcelOutputAsset/StageEnhanceData.json","17115","B3B6E5663896121CF6F3C3AB50ED96433D410491857154260948EFDF2D5AD319"
"1","HI3-STAGE-HELPERS-MIXED-20260615-V1","1476","nairieberry","zh-TW/ExcelOutputAsset/StageLiveRecommend.json","18363","C2C0C2AADE1FA7A4261541DF971F0A4BD7A1EFBAC2BBFB205A58BC1E459BAD5D"
"1","HI3-STAGE-HELPERS-MIXED-20260615-V1","1477","nairieberry","zh-TW/ExcelOutputAsset/StageMaxScoreData.json","54922","DB23D3FE58323BAE046045A9F7D6CBCE56E7CC98AD1ED4E090B1690F6FB8DB2C"
"1","HI3-STAGE-HELPERS-MIXED-20260615-V1","1478","nairieberry","zh-TW/ExcelOutputAsset/StageMessage.json","3822","21F089F5FDFB657B032ABD329A9C21EA67377FE2B2FF5ACFDC5F645D026D64DE"
"1","HI3-STAGE-HELPERS-MIXED-20260615-V1","1479","nairieberry","zh-TW/ExcelOutputAsset/StageMultiTeamData.json","5825","05BF75C2EB786013AC1D7831F819BB123D6E8A0F8188C6CA0B97DAA06CFBF347"
"1","HI3-STAGE-HELPERS-MIXED-20260615-V1","1480","nairieberry","zh-TW/ExcelOutputAsset/StagePhoto.json","1590","A0376B65DC8D57B1D1A5369B8563CE0790932A575A4554744A78C0E7AB744A72"
"1","HI3-STAGE-HELPERS-MIXED-20260615-V1","1481","nairieberry","zh-TW/ExcelOutputAsset/StageQAvatar.json","2856","ED60AFD2D9B50A83909CC627EEF05468F79FC3CC664F76A015EA257AF391E753"
"1","HI3-STAGE-HELPERS-MIXED-20260615-V1","1482","nairieberry","zh-TW/ExcelOutputAsset/StageRandomEffect.json","3803","8B36D95F28C2F83176DF692EC77E33D7844146C40B1AD0E57D4D065A8B6C584E"
"1","HI3-STAGE-HELPERS-MIXED-20260615-V1","1483","nairieberry","zh-TW/ExcelOutputAsset/StageRankConfig.json","267","95BF12A5F2B86454D0F58DCA76C4D4772392D15C1641FB64E7A1050C8F1D49EE"
"1","HI3-STAGE-HELPERS-MIXED-20260615-V1","1484","nairieberry","zh-TW/ExcelOutputAsset/StageRankGroupConfig.json","137","4730D215EC36F3A72DB267B9F46F6572C41D0DA92BEF4939EC5BE6FA1F0CFC83"
"1","HI3-STAGE-HELPERS-MIXED-20260615-V1","1485","nairieberry","zh-TW/ExcelOutputAsset/StageReChanllenge.json","46594","598B1E79F0A0502B37D944B0F62DFF01A6221465F5EAF769130418E2ACD48DBA"
"1","HI3-STAGE-HELPERS-MIXED-20260615-V1","1486","nairieberry","zh-TW/ExcelOutputAsset/StageResetCostData.json","25040","5F54D7BF5F9A46509A0FDCC2F7B4CADCB73762129A962A6ADACBE8B2104A9387"
"1","HI3-STAGE-HELPERS-MIXED-20260615-V1","1487","nairieberry","zh-TW/ExcelOutputAsset/StageResistanceData.json","3019","2F1DE4A1986076907923A20484E6B30893700368390EEED54FDED400B0CE17D0"
"1","HI3-STAGE-HELPERS-MIXED-20260615-V1","1488","nairieberry","zh-TW/ExcelOutputAsset/StageRestrictData.json","146974","67316F55A633C2AA8439DDE4C743EC983FA391D95869C320E742238A81095C80"
"1","HI3-STAGE-HELPERS-MIXED-20260615-V1","1489","nairieberry","zh-TW/ExcelOutputAsset/StageRestrictExtend.json","28968","AD10037B58100A33D0D0D7857E076EE689EB0694D950C6C82F12C756D6294D8C"
"1","HI3-STAGE-HELPERS-MIXED-20260615-V1","1490","nairieberry","zh-TW/ExcelOutputAsset/StageReviveCostData.json","3112","614C2B84A1119793D6347515601AF675EA58C8F4BF0CEB08560C3175A1AD4683"
"1","HI3-STAGE-HELPERS-MIXED-20260615-V1","1491","nairieberry","zh-TW/ExcelOutputAsset/StageScoreReward.json","2075003","3F4E346CE3D0E0396DA4446A6E21A9407627F5F0D5611F50211A50901743556A"
"1","HI3-STAGE-HELPERS-MIXED-20260615-V1","1492","nairieberry","zh-TW/ExcelOutputAsset/StageScoreRewardDisplay.json","658","54F4A34B7F2ED7DEABE59CD4E2BD7BBC308768D0BDCB7A1F005BA20046026647"
"1","HI3-STAGE-HELPERS-MIXED-20260615-V1","1493","nairieberry","zh-TW/ExcelOutputAsset/StageTutorialData.json","1019","C937749D81466A01C5A2D527F584D831A4A9836441CA6E0E7EEF621A659BA61E"
"1","HI3-STAGE-HELPERS-MIXED-20260615-V1","1494","nairieberry","zh-TW/ExcelOutputAsset/StageTypeData.json","4729","AF95494A4DF38AE9C26245F3436CE1A378F2C4AF0F94C2B7F66DC54EB6C934F8"
"1","HI3-STAGE-HELPERS-MIXED-20260615-V1","1495","nairieberry","zh-TW/ExcelOutputAsset/TVTCardLevel.json","2","4F53CDA18C2BAA0C0354BB5F9A3ECBE5ED12AB4D8E11BA873C2F11161202B945"
"1","HI3-STAGE-HELPERS-MIXED-20260615-V1","1496","nairieberry","zh-TW/ExcelOutputAsset/TVTInLevelInteraction.json","827","3CFDDFBF7B532E8E456B44AFAFBD3936054C5709D77DF593FA831938FE44FE49"
"1","HI3-STAGE-HELPERS-MIXED-20260615-V1","1497","nairieberry","zh-TW/ExcelOutputAsset/TVTStage.json","2","4F53CDA18C2BAA0C0354BB5F9A3ECBE5ED12AB4D8E11BA873C2F11161202B945"
"1","HI3-STAGE-HELPERS-MIXED-20260615-V1","1498","nairieberry","zh-TW/ExcelOutputAsset/ThemeData_Stage.json","4096","96ACBBBE407233D16677897F65D3734DB6557AFC02DE5E5F36B37F18FCE50E76"
"1","HI3-STAGE-HELPERS-MIXED-20260615-V1","1499","nairieberry","zh-TW/ExcelOutputAsset/TouchLevelData.json","863","8C13A5CB1C8CC9C28CC2CDC7B6D55B492FB6BD3A145D069508B59A2BAA95E88F"
"1","HI3-STAGE-HELPERS-MIXED-20260615-V1","1500","nairieberry","zh-TW/ExcelOutputAsset/TowerRaidStage.json","14641","08B4593546DF44544D7FEDBCCBEE4FCDB5C67789A1788C0BFAC96207FA3E7414"
"1","HI3-STAGE-HELPERS-MIXED-20260615-V1","1501","nairieberry","zh-TW/ExcelOutputAsset/TowerStageConfig.json","127818","F1D75A4516AAA306A2742FBEED4EE77A9EB1AF52C8E5044C5D1F3BFF0E11D45F"
"1","HI3-STAGE-HELPERS-MIXED-20260615-V1","1502","nairieberry","zh-TW/ExcelOutputAsset/TrainingLevelAchieve.json","2","4F53CDA18C2BAA0C0354BB5F9A3ECBE5ED12AB4D8E11BA873C2F11161202B945"
"1","HI3-STAGE-HELPERS-MIXED-20260615-V1","1503","nairieberry","zh-TW/ExcelOutputAsset/TrainingLevelData.json","2","4F53CDA18C2BAA0C0354BB5F9A3ECBE5ED12AB4D8E11BA873C2F11161202B945"
"1","HI3-STAGE-HELPERS-MIXED-20260615-V1","1504","nairieberry","zh-TW/ExcelOutputAsset/UltraEndlessStage.json","6096","372F0AB482E0BCE203571FFDA597BB70BC05A96E1A15574D74789907D2F022DA"
"1","HI3-STAGE-HELPERS-MIXED-20260615-V1","1505","nairieberry","zh-TW/ExcelOutputAsset/UniqueMonsterData.json","2924954","DBDCE5F24FDA5DB967239DE2029F80067AED76DEA4A40BF59B3CD3D8C1F9DF2B"
"1","HI3-STAGE-HELPERS-MIXED-20260615-V1","1506","nairieberry","zh-TW/ExcelOutputAsset/VirtualCustomLevelData.json","47571","F71312E6ED92CE5C8F9F6582745D1D1DE18F6C79549B3A65C398AF3CA2D09915"
"1","HI3-STAGE-HELPERS-MIXED-20260615-V1","1507","nairieberry","zh-TW/ExcelOutputAsset/VirtualTrainStageDrop.json","4383","6A7ABE9B7FDDBD25E65E4FD1A8EBBC3FCE8088706C6B04DA858CB44B30B77F88"
"1","HI3-STAGE-HELPERS-MIXED-20260615-V1","1508","nairieberry","zh-TW/ExcelOutputAsset/WantedStageData.json","10495","1FA39184130C8A465A71A3901CD4A3D0203EEB2B956B7911405858156783B1FB"
